Date,J,Pecs,Dos,Delto,Jam,Tric,Bic,Abs,Commentaire_1,Vit,O3,D3,C-Mg,Prot,Crea,7_comp,8_compl,9_comp,10_comp,Commentaire_2,matin,midi,colla,soir,Tot_prot,Commentaire_3,Habit_1,Habit_2,Habit_3,Habit_4,Commentaire_4
01/01/2023,D,0,0,0,0,0,0,0,,1,0,0,2,0,4,0,0,0,0,,28,34,10,37,,,1,0,2,2,
02/01/2023,L,1,0,2,2,0,0,1,,1,2,2,2,8,2,0,0,0,0,,2,56,18,36,,,7,3,9,19,
03/01/2023,M,0,0,0,0,0,1,2,,1,2,2,0,0,2,0,0,0,0,,28,37,11,63,,,7,3,13,36,
04/01/2023,M,1,1,2,2,0,0,2,,1,2,2,1,0,0,0,0,0,0,,34,52,4,68,,,4,4,7,39,
05/01/2023,J,1,0,0,0,0,0,1,,1,0,2,1,8,2,0,0,0,0,,26,28,14,44,,,4,3,15,50,
06/01/2023,V,2,1,3,3,0,0,1,,1,2,1,1,0,0,0,0,0,0,,19,49,10,57,,,5,1,7,31,
07/01/2023,S,0,0,0,0,0,0,0,,0,1,2,1,0,2,0,0,0,0,,32,70,9,53,,,0,1,0,1,
08/01/2023,D,0,0,0,0,0,0,0,,1,0,1,2,0,0,0,0,0,0,,1,21,4,61,,,0,2,7,19,
09/01/2023,L,0,1,4,2,0,1,1,,1,0,2,0,0,2,0,0,0,0,,35,38,2,48,,,6,3,8,36,
10/01/2023,M,0,0,0,0,0,0,1,,0,2,2,1,0,0,0,0,0,0,,40,54,18,45,,,6,3,9,48,
11/01/2023,M,1,0,3,3,0,1,2,,1,1,1,1,0,4,0,0,0,0,,16,52,15,41,,,7,2,4,21,
12/01/2023,J,0,0,1,0,0,0,2,,0,2,1,0,0,4,0,0,0,0,,40,56,16,60,,,5,2,9,37,
13/01/2023,V,1,1,2,3,1,1,2,,0,2,2,1,0,2,0,0,0,0,,38,48,9,55,,,7,4,15,36,
14/01/2023,S,0,0,0,0,0,0,0,,1,1,0,2,30,4,0,0,0,0,,22,34,1,31,,,1,1,0,16,
15/01/2023,D,0,0,0,0,0,0,0,,1,1,2,1,20,4,0,0,0,0,,4,58,3,35,,,0,1,2,20,
16/01/2023,L,1,2,2,2,0,0,3,,0,2,2,1,0,2,0,0,0,0,,39,64,20,30,,,6,2,6,27,
17/01/2023,M,1,0,0,0,0,0,2,,1,2,2,0,0,0,0,0,0,0,,33,50,9,48,,,5,3,14,31,
18/01/2023,M,1,2,3,3,1,0,1,,1,1,2,0,1,4,0,0,0,0,,7,48,9,55,,,6,2,9,30,
19/01/2023,J,0,0,0,0,0,0,2,,1,0,1,1,0,2,0,0,0,0,,31,56,11,42,,,2,2,13,28,
20/01/2023,V,0,1,3,2,0,1,3,,1,2,0,2,26,4,0,0,0,0,,11,28,9,46,,,6,4,10,23,
21/01/2023,S,0,0,0,0,0,0,0,,1,1,1,1,0,2,0,0,0,0,,38,46,9,55,,,5,2,7,17,
22/01/2023,D,0,0,0,0,0,0,0,,1,2,2,1,0,2,0,0,0,0,,27,68,0,67,,,3,1,5,7,
23/01/2023,L,1,0,3,3,1,0,1,,1,0,1,0,8,2,0,0,0,0,,7,47,3,55,,,9,1,9,25,
24/01/2023,M,1,0,0,0,0,0,1,,1,0,0,0,12,4,0,0,0,0,,10,40,16,42,,,9,4,12,31,
25/01/2023,M,1,0,2,2,0,0,1,,1,0,0,1,0,2,0,0,0,0,,0,68,7,61,,,4,3,9,50,
26/01/2023,J,0,0,0,0,0,0,2,,0,0,2,1,0,4,0,0,0,0,,33,57,0,53,,,10,4,11,31,
27/01/2023,V,1,0,3,1,2,0,2,,1,2,2,2,0,4,0,0,0,0,,15,27,3,69,,,7,2,6,16,
28/01/2023,S,0,0,0,0,0,0,0,,0,0,1,0,21,0,0,0,0,0,,5,20,4,70,,,6,1,0,12,
29/01/2023,D,0,0,0,0,0,0,0,,1,2,2,2,26,0,0,0,0,0,,16,45,3,30,,,2,2,3,13,
30/01/2023,L,2,1,2,3,0,0,1,,1,0,2,1,0,4,0,0,0,0,,38,36,6,51,,,7,2,17,30,
31/01/2023,M,0,0,0,0,0,0,3,,1,1,2,0,8,4,0,0,0,0,,5,56,0,51,,,6,3,11,34,
01/02/2023,M,1,2,3,2,0,1,2,,1,0,1,1,0,0,0,0,0,0,,0,45,13,67,,,9,2,10,40,
02/02/2023,J,0,0,0,0,0,0,1,,1,2,2,2,6,0,0,0,0,0,,13,30,8,63,,,4,3,10,26,
03/02/2023,V,0,1,2,3,0,1,1,,1,2,1,1,0,4,0,0,0,0,,37,52,14,62,,,1,2,13,31,
04/02/2023,S,0,0,0,0,0,0,0,,0,2,0,0,0,0,0,0,0,0,,14,66,0,59,,,3,2,6,8,
05/02/2023,D,0,0,0,0,0,0,0,,1,1,2,1,0,2,0,0,0,0,,30,66,3,53,,,4,2,12,19,
06/02/2023,L,2,0,2,1,0,1,2,,0,2,2,1,0,4,0,0,0,0,,39,37,0,69,,,4,3,19,43,
07/02/2023,M,0,0,0,0,0,0,1,,0,2,1,1,0,4,0,0,0,0,,25,60,2,54,,,5,2,12,28,
08/02/2023,M,1,1,3,2,0,1,2,,1,2,2,1,0,0,0,0,0,0,,40,68,19,51,,,4,3,11,31,
09/02/2023,J,1,0,0,0,0,0,1,,1,1,1,0,30,0,0,0,0,0,,0,27,6,32,,,6,3,17,37,
10/02/2023,V,0,0,0,0,0,0,0,,1,2,2,2,0,4,0,0,0,0,,36,22,18,62,,,0,0,1,14,
11/02/2023,S,0,0,0,0,0,0,0,,1,1,2,2,0,2,0,0,0,0,,20,38,15,48,,,0,0,0,0,
12/02/2023,D,0,0,0,0,0,0,0,,0,0,2,1,0,0,0,0,0,0,,37,49,8,63,,,3,1,4,0,
13/02/2023,L,1,2,3,2,0,0,3,,1,0,2,0,0,2,0,0,0,0,,25,48,12,63,,,6,1,16,34,
14/02/2023,M,0,0,0,0,0,0,1,,1,0,2,1,0,4,0,0,0,0,,0,70,20,65,,,6,3,18,28,
15/02/2023,M,1,0,2,2,1,1,2,,1,1,2,1,20,0,0,0,0,0,,33,28,1,38,,,6,3,7,39,
16/02/2023,J,0,0,0,0,0,0,2,,1,0,2,0,0,2,0,0,0,0,,5,27,17,54,,,8,1,10,33,
17/02/2023,V,1,2,2,3,0,1,2,,0,1,1,1,0,2,0,0,0,0,,23,54,11,63,,,6,4,16,38,
18/02/2023,S,0,0,0,0,0,0,0,,1,2,2,2,0,4,0,0,0,0,,1,54,9,63,,,1,2,13,8,
19/02/2023,D,0,0,0,0,0,0,0,,1,0,1,0,0,0,0,0,0,0,,9,49,6,49,,,0,0,0,18,
20/02/2023,L,1,1,4,2,1,1,1,,0,1,1,1,0,2,0,0,0,0,,33,45,8,32,,,6,1,12,11,
21/02/2023,M,1,1,0,0,0,0,0,,1,2,2,0,30,0,0,0,0,0,,2,44,1,41,,,6,2,15,30,
22/02/2023,M,2,1,3,4,0,1,1,,0,0,2,0,0,4,0,0,0,0,,12,62,12,54,,,5,2,14,24,
23/02/2023,J,0,0,1,0,0,0,3,,1,0,1,2,0,2,0,0,0,0,,23,64,2,35,,,2,0,1,13,
24/02/2023,V,1,1,2,4,0,2,2,,1,2,2,1,11,0,0,0,0,0,,11,26,10,62,,,9,1,11,36,
25/02/2023,S,0,0,0,0,0,0,0,,1,0,2,0,0,2,0,0,0,0,,1,66,13,49,,,4,1,7,0,
26/02/2023,D,0,0,0,0,0,0,0,,1,2,2,1,0,2,0,0,0,0,,2,20,5,44,,,5,0,5,10,
27/02/2023,L,0,1,3,2,0,0,2,,1,0,2,0,0,2,0,0,0,0,,8,57,15,51,,,5,0,5,37,
28/02/2023,M,0,0,0,0,0,0,1,,1,2,1,0,0,4,0,0,0,0,,32,21,0,62,,,6,3,8,33,
01/03/2023,M,1,2,3,2,1,1,2,,0,1,2,1,0,4,0,0,0,0,,6,30,19,45,,,4,2,10,34,
02/03/2023,J,0,0,0,1,1,0,2,,1,0,2,0,0,4,0,0,0,0,,9,70,2,58,,,6,4,10,43,
03/03/2023,V,1,2,4,2,1,1,1,,0,0,1,0,0,2,0,0,0,0,,14,53,3,35,,,5,3,10,43,
04/03/2023,S,0,0,0,0,0,0,0,,1,0,2,1,0,2,0,0,0,0,,13,33,1,66,,,4,0,3,0,
05/03/2023,D,0,0,0,0,0,0,0,,1,0,2,1,27,0,0,0,0,0,,1,54,4,34,,,0,1,3,24,
06/03/2023,L,0,1,3,3,1,0,2,,1,1,2,0,21,0,0,0,0,0,,14,25,11,49,,,8,3,11,30,
07/03/2023,M,0,0,0,0,0,1,1,,1,0,0,1,0,0,0,0,0,0,,19,42,12,45,,,7,1,11,31,
08/03/2023,M,0,0,0,0,0,0,0,,1,0,2,2,0,4,0,0,0,0,,25,27,14,69,,,4,3,0,7,
09/03/2023,J,0,0,0,0,0,0,1,,1,2,1,0,0,4,0,0,0,0,,33,37,12,70,,,7,4,6,41,
10/03/2023,V,2,2,4,2,0,0,2,,0,1,1,0,30,2,0,0,0,0,,13,29,1,38,,,3,1,16,50,
11/03/2023,S,0,0,0,0,0,0,0,,1,1,2,0,10,4,0,0,0,0,,22,25,13,50,,,0,0,0,11,
12/03/2023,D,0,0,0,0,0,0,0,,1,1,2,1,0,0,0,0,0,0,,26,48,14,57,,,0,0,7,2,
13/03/2023,L,1,1,2,3,0,1,2,,1,2,2,0,0,2,0,0,0,0,,12,41,20,51,,,8,3,13,13,
14/03/2023,M,0,0,0,0,0,0,1,,0,1,2,0,0,2,0,0,0,0,,4,66,16,64,,,4,2,6,37,
15/03/2023,M,1,1,4,3,0,0,2,,1,0,2,0,6,2,0,0,0,0,,3,45,5,61,,,4,2,7,30,
16/03/2023,J,0,0,0,0,0,0,2,,1,1,2,1,0,0,0,0,0,0,,2,41,5,31,,,7,3,14,20,
17/03/2023,V,1,0,2,3,1,1,1,,1,1,0,1,0,0,0,0,0,0,,4,39,7,30,,,5,3,14,19,
18/03/2023,S,0,0,0,0,0,0,0,,1,1,2,1,30,4,0,0,0,0,,20,21,8,30,,,0,1,4,8,
19/03/2023,D,0,0,0,0,0,0,0,,1,1,2,0,0,0,0,0,0,0,,37,37,12,64,,,3,0,8,19,
20/03/2023,L,1,2,2,2,1,0,2,,1,0,2,0,0,2,0,0,0,0,,20,53,3,54,,,7,2,5,42,
21/03/2023,M,0,0,0,0,0,0,1,,1,1,2,2,0,4,0,0,0,0,,20,28,13,36,,,5,3,6,4,
22/03/2023,M,2,0,2,2,0,1,2,,1,1,2,0,18,4,0,0,0,0,,21,24,1,56,,,7,2,7,35,
23/03/2023,J,0,0,0,1,0,0,2,,1,2,2,2,0,4,0,0,0,0,,34,60,19,58,,,3,4,7,14,
24/03/2023,V,1,1,3,3,1,1,2,,0,1,0,0,10,4,0,0,0,0,,14,36,12,48,,,8,3,2,31,
25/03/2023,S,0,0,0,0,0,0,0,,0,2,1,1,0,2,0,0,0,0,,35,30,19,44,,,0,1,8,12,
26/03/2023,D,0,0,0,0,0,0,0,,1,0,1,0,0,0,0,0,0,0,,39,44,8,31,,,2,1,3,18,
27/03/2023,L,1,0,3,3,0,1,1,,1,2,2,1,0,0,0,0,0,0,,39,33,17,51,,,6,3,10,33,
28/03/2023,M,0,0,0,0,0,0,2,,1,1,0,2,0,2,0,0,0,0,,27,48,12,47,,,5,2,17,25,
29/03/2023,M,1,0,2,3,1,0,2,,0,1,1,1,26,4,0,0,0,0,,2,20,3,69,,,7,4,15,36,
30/03/2023,J,0,0,0,0,0,0,2,,1,2,1,0,30,4,0,0,0,0,,5,38,4,33,,,5,1,15,27,
31/03/2023,V,1,1,2,3,2,0,1,,1,1,2,1,0,4,0,0,0,0,,18,68,13,48,,,6,0,15,25,
01/04/2023,S,0,0,0,0,0,0,0,,1,0,0,1,0,2,0,0,0,0,,17,68,14,40,,,0,1,1,15,
02/04/2023,D,0,0,0,0,0,0,0,,1,1,1,2,0,0,0,0,0,0,,2,32,10,59,,,0,2,4,8,
03/04/2023,L,1,0,2,3,0,0,1,,0,1,0,0,0,0,0,0,0,0,,35,25,8,60,,,7,2,11,32,
04/04/2023,M,0,0,0,1,0,0,1,,0,1,2,1,10,4,0,0,0,0,,14,37,10,49,,,6,3,11,34,
05/04/2023,M,1,1,2,2,0,1,3,,1,1,2,0,0,4,0,0,0,0,,23,53,10,70,,,3,2,7,36,
06/04/2023,J,0,0,0,0,0,0,0,,1,1,0,0,7,4,0,0,0,0,,20,39,3,51,,,5,4,13,48,
07/04/2023,V,2,1,2,2,1,0,1,,1,0,2,1,20,4,0,0,0,0,,18,24,18,40,,,5,4,12,38,
08/04/2023,S,0,0,0,0,0,0,0,,0,2,1,2,30,0,0,0,0,0,,19,25,11,31,,,1,0,5,19,
09/04/2023,D,0,0,0,0,0,0,0,,0,1,2,1,0,4,0,0,0,0,,3,49,5,48,,,4,2,0,9,
10/04/2023,L,0,0,0,0,0,0,0,,1,1,2,0,0,0,0,0,0,0,,32,23,19,63,,,2,1,0,3,
11/04/2023,M,0,0,0,0,0,0,2,,0,2,1,0,0,4,0,0,0,0,,22,67,16,34,,,3,2,9,34,
12/04/2023,M,0,1,2,2,1,0,1,,1,2,2,0,0,4,0,0,0,0,,13,55,11,46,,,7,4,11,20,
13/04/2023,J,0,0,0,0,0,0,2,,1,2,0,2,0,4,0,0,0,0,,18,65,18,32,,,5,3,9,36,
14/04/2023,V,1,0,3,1,0,0,2,,0,2,1,0,17,4,0,0,0,0,,13,49,8,33,,,7,5,9,37,
15/04/2023,S,0,0,0,0,0,0,0,,1,0,2,1,0,0,0,0,0,0,,10,65,17,50,,,4,1,5,22,
16/04/2023,D,0,0,0,0,0,0,0,,1,2,1,1,0,4,0,0,0,0,,39,31,11,44,,,5,1,5,0,
17/04/2023,L,2,1,3,3,1,2,1,,0,0,1,1,0,2,0,0,0,0,,24,37,16,41,,,6,2,20,17,
18/04/2023,M,0,0,0,0,0,0,1,,0,1,2,1,0,0,0,0,0,0,,40,28,4,70,,,5,3,15,29,
19/04/2023,M,1,1,2,3,0,1,2,,1,2,1,1,0,4,0,0,0,0,,22,49,12,52,,,6,2,13,41,
20/04/2023,J,1,0,0,1,0,0,2,,1,0,0,1,19,4,0,0,0,0,,12,29,13,47,,,8,3,13,49,
21/04/2023,V,1,1,2,3,1,0,1,,1,1,2,2,8,4,0,0,0,0,,17,55,2,38,,,4,2,15,37,
22/04/2023,S,0,0,0,0,0,0,0,,1,1,0,2,0,2,0,0,0,0,,35,52,6,63,,,0,2,10,6,
23/04/2023,D,0,0,0,0,0,0,0,,0,1,2,0,0,0,0,0,0,0,,37,24,7,63,,,1,1,6,0,
24/04/2023,L,0,0,2,2,1,0,0,,1,2,1,0,0,2,0,0,0,0,,5,23,17,38,,,3,3,18,50,
25/04/2023,M,0,0,0,0,0,0,0,,1,1,2,2,0,4,0,0,0,0,,27,43,2,42,,,7,4,16,25,
26/04/2023,M,0,0,0,0,0,0,0,,1,1,2,0,0,4,0,0,0,0,,35,38,20,63,,,0,1,3,18,
27/04/2023,J,0,0,0,0,0,0,2,,1,1,2,0,0,4,0,0,0,0,,37,30,0,53,,,5,3,20,18,
28/04/2023,V,1,1,2,3,0,0,2,,1,0,1,2,0,0,0,0,0,0,,21,48,10,32,,,7,3,14,37,
29/04/2023,S,0,0,0,0,0,0,0,,1,2,2,1,0,0,0,0,0,0,,36,32,7,37,,,3,0,4,0,
30/04/2023,D,0,0,0,0,0,0,0,,0,0,2,1,0,0,0,0,0,0,,34,27,2,43,,,0,1,1,18,
01/05/2023,L,2,0,2,2,0,1,1,,1,1,2,1,0,2,0,0,0,0,,28,58,20,68,,,4,3,12,40,
02/05/2023,M,0,0,0,0,0,0,2,,1,2,2,1,30,0,0,0,0,0,,3,32,7,47,,,8,2,11,35,
03/05/2023,M,1,1,3,1,0,1,1,,0,2,1,0,0,4,0,0,0,0,,33,63,3,65,,,4,3,12,24,
04/05/2023,J,0,0,0,0,0,0,2,,1,1,2,0,0,2,0,0,0,0,,24,49,8,50,,,4,3,10,20,
05/05/2023,V,1,1,2,3,0,1,1,,1,0,0,1,0,4,0,0,0,0,,21,52,3,52,,,8,1,18,22,
06/05/2023,S,0,0,0,0,0,0,0,,1,2,2,1,0,0,0,0,0,0,,35,40,10,64,,,0,1,5,12,
07/05/2023,D,0,0,0,0,0,0,0,,1,2,2,0,0,2,0,0,0,0,,2,66,5,46,,,1,2,1,4,
08/05/2023,L,1,1,2,2,0,0,1,,1,2,2,0,23,4,0,0,0,0,,6,31,15,45,,,3,3,14,7,
09/05/2023,M,0,0,0,1,0,0,1,,1,1,2,1,0,4,0,0,0,0,,25,59,8,34,,,7,2,15,32,
10/05/2023,M,2,1,3,2,1,0,1,,1,0,0,1,0,2,0,0,0,0,,25,68,17,34,,,6,2,17,36,
11/05/2023,J,0,0,0,0,0,0,1,,1,2,1,2,0,0,0,0,0,0,,32,36,15,40,,,2,3,20,16,
12/05/2023,V,1,1,2,3,2,0,2,,1,2,2,2,0,4,0,0,0,0,,38,36,19,53,,,3,3,3,25,
13/05/2023,S,0,0,0,0,0,0,0,,1,1,2,0,0,0,0,0,0,0,,26,41,4,56,,,3,1,4,5,
14/05/2023,D,0,0,0,0,0,0,0,,1,1,2,0,0,2,0,0,0,0,,29,54,2,68,,,5,2,0,4,
15/05/2023,L,1,0,3,3,0,0,3,,0,0,1,2,0,4,0,0,0,0,,20,54,11,55,,,8,2,6,32,
16/05/2023,M,0,0,0,0,0,0,1,,1,1,2,1,0,2,0,0,0,0,,26,59,3,63,,,5,2,14,46,
17/05/2023,M,2,2,2,2,0,0,1,,1,2,2,1,0,4,0,0,0,0,,21,66,3,57,,,7,3,9,37,
18/05/2023,J,0,0,0,0,0,0,2,,0,0,1,1,0,0,0,0,0,0,,31,53,8,46,,,4,3,15,30,
19/05/2023,V,0,2,3,3,0,1,2,,1,0,2,0,0,0,0,0,0,0,,16,53,8,58,,,7,4,18,8,
20/05/2023,S,0,0,0,0,0,0,0,,1,2,0,1,0,0,0,0,0,0,,25,34,3,61,,,3,2,5,41,
21/05/2023,D,0,0,0,0,0,0,0,,1,1,1,0,0,4,0,0,0,0,,32,68,7,48,,,3,0,7,22,
22/05/2023,L,1,2,2,2,1,1,1,,1,1,2,1,0,4,0,0,0,0,,32,68,11,40,,,5,1,14,23,
23/05/2023,M,0,0,0,0,0,0,1,,0,0,1,2,0,0,0,0,0,0,,28,39,17,39,,,6,3,6,32,
24/05/2023,M,1,1,3,4,1,1,3,,1,2,1,0,0,2,0,0,0,0,,25,62,6,56,,,6,4,16,41,
25/05/2023,J,0,0,0,0,0,0,2,,0,1,2,0,0,4,0,0,0,0,,24,64,0,33,,,8,3,14,18,
26/05/2023,V,1,1,3,3,0,1,3,,1,2,2,0,0,0,0,0,0,0,,19,64,7,68,,,7,2,8,47,
27/05/2023,S,0,0,0,0,0,0,0,,0,2,2,2,0,4,0,0,0,0,,10,35,17,59,,,1,0,5,26,
28/05/2023,D,0,0,0,0,0,0,0,,0,1,2,0,0,2,0,0,0,0,,7,70,13,46,,,3,1,7,9,
29/05/2023,L,2,1,4,4,0,0,2,,1,1,2,0,0,4,0,0,0,0,,10,32,3,51,,,9,1,9,25,
30/05/2023,M,0,0,0,0,0,0,1,,1,1,2,2,0,2,0,0,0,0,,26,61,20,53,,,3,3,3,27,
31/05/2023,M,0,1,2,3,1,1,2,,1,2,1,1,0,2,0,0,0,0,,21,28,14,66,,,7,3,17,31,
01/06/2023,J,0,0,0,0,0,0,1,,1,1,1,0,0,4,0,0,0,0,,27,30,13,68,,,6,4,20,14,
02/06/2023,V,0,0,3,1,1,1,2,,1,2,2,0,0,4,0,0,0,0,,12,67,16,58,,,8,3,16,33,
03/06/2023,S,0,0,0,0,0,0,0,,0,2,2,1,0,2,0,0,0,0,,2,34,20,61,,,1,1,3,5,
04/06/2023,D,0,0,0,0,0,0,0,,1,0,1,1,5,0,0,0,0,0,,28,38,18,31,,,0,0,4,6,
05/06/2023,L,1,2,2,3,1,1,1,,1,1,2,0,0,0,0,0,0,0,,2,33,7,33,,,4,2,20,32,
06/06/2023,M,0,0,0,0,0,0,2,,1,1,1,0,0,0,0,0,0,0,,36,38,11,58,,,7,1,17,26,
07/06/2023,M,1,2,3,2,1,0,2,,1,0,2,0,0,4,0,0,0,0,,1,49,11,39,,,3,4,14,39,
08/06/2023,J,0,0,0,0,0,0,2,,1,2,1,2,0,4,0,0,0,0,,35,26,9,68,,,7,3,10,24,
09/06/2023,V,2,1,3,3,1,1,1,,1,0,2,2,0,4,0,0,0,0,,39,48,6,69,,,5,3,16,29,
10/06/2023,S,0,0,0,0,0,0,0,,1,1,2,1,0,2,0,0,0,0,,15,32,16,64,,,2,0,7,25,
11/06/2023,D,0,0,0,0,0,0,0,,0,1,2,2,0,4,0,0,0,0,,14,62,2,32,,,3,2,2,0,
12/06/2023,L,1,1,3,2,1,1,2,,0,2,1,2,0,0,0,0,0,0,,19,57,13,40,,,6,3,12,25,
13/06/2023,M,0,0,0,0,0,1,1,,0,2,2,2,0,4,0,0,0,0,,39,39,5,32,,,3,3,10,31,
14/06/2023,M,0,1,2,2,1,1,2,,1,0,2,2,0,0,0,0,0,0,,15,64,14,56,,,6,3,11,34,
15/06/2023,J,0,0,0,0,0,0,1,,0,0,0,0,0,0,0,0,0,0,,14,56,19,32,,,5,3,7,25,
16/06/2023,V,2,1,3,2,0,1,2,,1,1,1,1,0,0,0,0,0,0,,31,24,5,39,,,2,2,7,6,
17/06/2023,S,0,0,0,0,0,0,0,,1,0,0,0,0,2,0,0,0,0,,17,70,11,69,,,2,0,13,8,
18/06/2023,D,0,0,0,0,0,0,0,,1,0,2,1,0,2,0,0,0,0,,37,38,6,64,,,2,2,5,29,
19/06/2023,L,0,2,3,2,0,0,2,,1,1,0,1,14,4,0,0,0,0,,37,27,7,35,,,7,2,13,18,
20/06/2023,M,0,0,0,0,0,0,2,,1,2,0,0,12,0,0,0,0,0,,32,20,14,42,,,6,2,3,8,
21/06/2023,M,0,1,2,3,0,1,2,,1,1,1,2,0,4,0,0,0,0,,14,28,19,39,,,1,2,14,25,
22/06/2023,J,0,0,0,1,0,0,1,,1,1,2,1,0,0,0,0,0,0,,20,40,7,52,,,4,1,8,17,
23/06/2023,V,2,2,2,3,1,0,2,,0,0,2,1,0,4,0,0,0,0,,21,45,16,65,,,10,2,11,13,
24/06/2023,S,0,0,0,0,0,0,0,,0,1,0,0,0,0,0,0,0,0,,39,52,11,37,,,1,0,8,5,
25/06/2023,D,0,0,0,0,0,0,0,,1,1,2,2,0,4,0,0,0,0,,2,43,9,38,,,0,1,0,0,
26/06/2023,L,0,1,3,2,1,0,1,,1,1,0,1,0,4,0,0,0,0,,20,44,19,51,,,6,2,16,48,
27/06/2023,M,0,0,1,0,0,0,2,,1,2,2,1,0,4,0,0,0,0,,36,64,5,58,,,4,2,13,32,
28/06/2023,M,1,1,2,2,1,1,1,,1,1,2,2,6,2,0,0,0,0,,21,59,4,30,,,3,1,9,40,
29/06/2023,J,0,0,0,0,0,0,1,,0,1,2,0,0,2,0,0,0,0,,30,54,5,34,,,8,1,10,31,
30/06/2023,V,1,1,2,3,0,1,2,,1,1,2,2,0,4,0,0,0,0,,16,54,18,49,,,3,2,10,22,
01/07/2023,S,0,0,0,0,0,0,0,,1,0,0,2,0,0,0,0,0,0,,13,56,15,44,,,0,0,5,22,
02/07/2023,D,0,0,0,0,0,0,0,,0,0,2,2,0,4,0,0,0,0,,23,34,10,60,,,5,2,10,6,
03/07/2023,L,2,1,2,3,1,1,1,,1,1,1,2,3,0,0,0,0,0,,3,48,5,61,,,8,3,15,35,
04/07/2023,M,0,0,0,0,0,0,1,,0,0,2,1,0,4,0,0,0,0,,21,67,10,42,,,6,1,9,19,
05/07/2023,M,1,1,3,2,0,0,1,,0,2,0,0,0,4,0,0,0,0,,34,30,10,50,,,6,2,14,10,
06/07/2023,J,0,0,0,0,0,0,0,,1,0,0,1,1,2,0,0,0,0,,5,63,10,41,,,5,0,6,0,
07/07/2023,V,1,1,2,2,0,0,2,,0,2,2,1,0,4,0,0,0,0,,22,35,13,39,,,3,3,9,20,
08/07/2023,S,0,0,0,0,0,0,0,,1,0,0,2,0,2,0,0,0,0,,28,39,5,65,,,4,0,0,0,
09/07/2023,D,0,0,0,0,0,0,0,,1,2,2,0,0,2,0,0,0,0,,8,58,18,48,,,3,3,5,0,
10/07/2023,L,2,1,4,3,0,0,2,,0,1,2,1,0,4,0,0,0,0,,31,35,15,68,,,8,3,9,35,
11/07/2023,M,0,0,0,0,1,0,2,,1,0,2,0,0,4,0,0,0,0,,29,39,5,57,,,4,3,16,33,
12/07/2023,M,1,0,2,3,0,0,1,,1,1,2,2,0,2,0,0,0,0,,19,58,1,30,,,5,3,17,37,
13/07/2023,J,0,0,0,0,0,0,2,,1,0,1,0,0,4,0,0,0,0,,35,39,17,67,,,8,4,16,17,
14/07/2023,V,1,1,3,2,0,1,1,,0,1,2,0,0,2,0,0,0,0,,22,51,7,42,,,4,4,5,16,
15/07/2023,S,0,0,0,0,0,0,0,,0,1,2,2,0,4,0,0,0,0,,19,63,10,68,,,1,2,6,0,
16/07/2023,D,0,0,0,0,0,0,0,,1,1,0,1,11,4,0,0,0,0,,28,39,5,37,,,0,2,8,11,
17/07/2023,L,2,1,1,3,1,0,1,,1,0,2,1,0,4,0,0,0,0,,25,67,18,55,,,5,3,13,28,
18/07/2023,M,0,0,0,0,0,0,1,,0,2,2,0,0,4,0,0,0,0,,36,65,20,53,,,8,3,12,18,
19/07/2023,M,2,1,3,1,1,0,2,,1,1,0,0,0,4,0,0,0,0,,32,55,13,43,,,5,4,18,44,
20/07/2023,J,0,0,0,0,0,0,2,,1,1,0,1,0,0,0,0,0,0,,37,46,19,62,,,2,3,9,39,
21/07/2023,V,1,1,3,3,0,0,2,,1,0,2,1,0,2,0,0,0,0,,28,35,2,60,,,10,2,13,35,
22/07/2023,S,0,0,0,0,0,0,0,,1,1,2,1,0,4,0,0,0,0,,6,20,12,35,,,1,3,2,7,
23/07/2023,D,0,0,0,0,0,0,0,,1,1,2,2,0,4,0,0,0,0,,38,63,17,32,,,1,0,2,3,
24/07/2023,L,0,0,2,3,0,0,1,,1,0,2,1,0,2,0,0,0,0,,21,51,4,52,,,5,3,9,35,
25/07/2023,M,0,0,0,0,0,0,1,,0,0,0,0,0,0,0,0,0,0,,15,32,2,38,,,10,3,10,38,
26/07/2023,M,0,1,3,3,0,0,1,,1,0,1,0,0,0,0,0,0,0,,27,70,14,38,,,6,3,14,20,
27/07/2023,J,0,0,0,0,1,0,1,,0,2,1,0,2,2,0,0,0,0,,10,38,2,68,,,4,4,9,45,
28/07/2023,V,1,1,3,2,0,0,0,,1,1,0,0,0,4,0,0,0,0,,22,41,15,57,,,8,4,7,3,
29/07/2023,S,0,0,0,0,0,0,0,,1,0,1,0,0,0,0,0,0,0,,17,42,14,62,,,1,0,7,6,
30/07/2023,D,0,0,0,0,0,0,0,,1,1,0,1,0,2,0,0,0,0,,26,28,20,60,,,2,0,7,3,
31/07/2023,L,0,1,2,2,1,0,1,,0,1,2,1,9,4,0,0,0,0,,34,20,3,54,,,9,2,12,38,
01/08/2023,M,0,0,0,0,0,1,1,,1,0,1,1,0,4,0,0,0,0,,38,50,9,39,,,6,4,14,50,
02/08/2023,M,0,0,3,3,0,0,1,,1,2,0,1,0,4,0,0,0,0,,12,55,12,41,,,6,3,5,16,
03/08/2023,J,0,0,0,0,0,0,1,,1,1,2,2,19,4,0,0,0,0,,10,39,4,48,,,5,2,16,24,
04/08/2023,V,1,1,3,2,2,1,2,,1,2,0,2,0,2,0,0,0,0,,6,46,9,63,,,6,2,8,22,
05/08/2023,S,0,0,0,0,0,0,0,,1,1,0,1,0,0,0,0,0,0,,27,22,10,67,,,4,0,1,13,
06/08/2023,D,0,0,0,0,0,0,0,,0,2,1,0,0,0,0,0,0,0,,34,22,12,69,,,3,2,0,28,
07/08/2023,L,2,1,2,3,2,0,1,,1,1,2,0,0,4,0,0,0,0,,17,69,13,44,,,5,3,13,29,
08/08/2023,M,0,0,0,0,0,0,1,,1,1,1,1,0,4,0,0,0,0,,26,21,16,66,,,7,2,8,48,
09/08/2023,M,1,2,3,1,0,1,1,,1,0,0,2,0,4,0,0,0,0,,40,56,7,38,,,7,2,14,33,
10/08/2023,J,0,0,0,0,0,0,2,,1,0,0,0,0,4,0,0,0,0,,35,25,15,63,,,4,1,12,50,
11/08/2023,V,1,1,3,2,0,1,2,,1,0,2,0,1,4,0,0,0,0,,28,40,13,38,,,6,2,8,12,
12/08/2023,S,0,0,0,0,0,0,0,,0,2,2,2,0,2,0,0,0,0,,29,48,10,49,,,3,2,0,2,
13/08/2023,D,0,0,0,0,0,0,0,,0,1,0,2,0,0,0,0,0,0,,33,54,17,30,,,4,0,5,27,
14/08/2023,L,1,1,2,2,0,1,0,,1,1,2,1,14,4,0,0,0,0,,6,51,18,31,,,6,1,11,22,
15/08/2023,M,0,0,0,0,0,0,2,,1,0,2,2,0,4,0,0,0,0,,25,54,14,32,,,4,4,13,27,
16/08/2023,M,1,0,2,3,1,0,1,,1,1,1,2,0,0,0,0,0,0,,9,70,14,41,,,8,2,10,38,
17/08/2023,J,0,0,0,0,0,0,1,,1,2,1,1,0,2,0,0,0,0,,36,21,8,33,,,5,3,15,16,
18/08/2023,V,1,0,2,2,1,1,2,,1,2,2,1,0,2,0,0,0,0,,8,32,14,56,,,5,3,3,28,
19/08/2023,S,0,0,0,0,0,0,0,,0,1,1,2,0,2,0,0,0,0,,16,63,0,41,,,5,1,6,15,
20/08/2023,D,0,0,0,0,0,0,0,,1,1,2,0,0,4,0,0,0,0,,24,29,15,45,,,0,1,8,3,
21/08/2023,L,1,1,3,2,2,1,1,,1,0,1,0,0,2,0,0,0,0,,25,40,15,65,,,2,3,9,49,
22/08/2023,M,0,0,0,0,2,0,2,,1,2,0,1,0,4,0,0,0,0,,39,26,15,48,,,5,1,14,21,
23/08/2023,M,1,1,2,2,1,1,1,,1,1,2,0,24,4,0,0,0,0,,13,33,9,41,,,9,2,17,40,
24/08/2023,J,0,0,0,0,0,0,1,,1,2,1,1,0,4,0,0,0,0,,35,29,20,49,,,7,3,11,38,
25/08/2023,V,1,1,3,2,0,1,2,,1,1,0,0,0,4,0,0,0,0,,20,25,20,68,,,3,2,9,45,
26/08/2023,S,0,0,0,0,0,0,0,,1,0,2,0,0,0,0,0,0,0,,25,44,10,52,,,2,2,3,6,
27/08/2023,D,0,0,0,0,0,0,0,,1,1,0,0,0,0,0,0,0,0,,34,70,17,47,,,0,2,8,20,
28/08/2023,L,0,1,3,3,0,0,1,,0,1,2,0,11,0,0,0,0,0,,4,45,12,48,,,5,3,9,31,
29/08/2023,M,0,0,0,0,0,0,2,,1,2,2,1,0,2,0,0,0,0,,12,60,20,44,,,6,3,9,14,
30/08/2023,M,1,1,1,2,0,1,1,,1,0,1,2,0,4,0,0,0,0,,3,59,15,60,,,6,2,11,37,
31/08/2023,J,0,0,0,0,0,0,2,,1,1,1,0,0,4,0,0,0,0,,9,62,14,67,,,7,1,5,36,
01/09/2023,V,0,1,3,2,1,0,3,,1,1,0,0,5,2,0,0,0,0,,14,47,9,45,,,6,2,18,40,
02/09/2023,S,0,0,0,0,0,0,0,,1,1,0,0,30,4,0,0,0,0,,8,23,6,52,,,2,0,5,16,
03/09/2023,D,0,0,0,0,0,0,0,,1,2,2,0,0,4,0,0,0,0,,12,34,3,45,,,0,1,0,25,
04/09/2023,L,1,2,1,3,1,0,1,,1,0,0,0,0,4,0,0,0,0,,35,55,19,48,,,4,1,11,29,
05/09/2023,M,0,0,0,0,0,0,3,,1,1,2,1,0,4,0,0,0,0,,18,55,17,62,,,6,1,12,30,
06/09/2023,M,1,1,2,3,0,0,2,,1,1,2,0,0,2,0,0,0,0,,20,54,8,69,,,9,2,9,37,
07/09/2023,J,0,0,0,0,0,0,3,,0,2,1,2,0,0,0,0,0,0,,18,36,4,68,,,1,0,2,2,
08/09/2023,V,1,0,2,3,0,1,1,,1,2,0,1,0,4,0,0,0,0,,31,58,17,61,,,7,4,14,22,
09/09/2023,S,0,0,0,0,0,0,0,,0,0,1,2,0,4,0,0,0,0,,8,28,13,37,,,1,0,2,31,
10/09/2023,D,0,0,0,0,0,0,0,,1,1,1,1,0,2,0,0,0,0,,19,57,3,44,,,2,0,0,11,
11/09/2023,L,1,2,3,2,1,0,2,,0,0,2,1,0,0,0,0,0,0,,37,64,18,63,,,8,1,7,31,
12/09/2023,M,0,0,0,0,0,0,1,,1,1,0,1,0,0,0,0,0,0,,39,67,2,60,,,7,1,13,36,
13/09/2023,M,0,1,2,2,1,1,3,,1,0,2,1,0,0,0,0,0,0,,9,52,7,45,,,9,3,10,29,
14/09/2023,J,0,0,1,0,0,0,1,,1,0,1,1,0,0,0,0,0,0,,5,57,1,51,,,4,2,15,29,
15/09/2023,V,2,1,2,2,2,2,2,,0,1,0,0,0,0,0,0,0,0,,15,24,20,68,,,4,2,9,15,
16/09/2023,S,0,0,0,0,0,0,0,,1,2,2,0,0,2,0,0,0,0,,33,34,15,60,,,5,1,11,23,
17/09/2023,D,0,0,0,0,0,0,0,,1,0,0,1,14,4,0,0,0,0,,10,46,0,50,,,8,2,8,4,
18/09/2023,L,1,1,3,2,1,1,2,,0,1,2,2,3,4,0,0,0,0,,30,29,17,41,,,5,3,14,19,
19/09/2023,M,0,0,0,0,0,0,2,,0,0,2,0,0,0,0,0,0,0,,25,57,13,54,,,5,4,14,9,
20/09/2023,M,0,1,2,2,1,0,2,,1,0,2,1,0,2,0,0,0,0,,13,52,8,56,,,4,3,16,24,
21/09/2023,J,0,0,0,0,0,0,2,,1,1,2,0,0,0,0,0,0,0,,5,21,17,52,,,5,2,14,36,
22/09/2023,V,1,1,3,2,1,0,0,,1,2,1,0,30,2,0,0,0,0,,0,34,18,33,,,7,1,13,27,
23/09/2023,S,0,0,0,0,0,0,0,,0,0,2,1,0,4,0,0,0,0,,36,67,14,31,,,3,0,9,6,
24/09/2023,D,0,0,0,0,0,0,0,,1,1,2,2,13,2,0,0,0,0,,24,35,18,30,,,0,1,3,0,
25/09/2023,L,1,1,2,2,1,0,1,,0,2,2,0,0,4,0,0,0,0,,1,67,13,43,,,6,2,11,37,
26/09/2023,M,0,0,0,0,0,0,2,,1,1,2,0,0,4,0,0,0,0,,13,44,14,35,,,5,3,7,46,
27/09/2023,M,0,1,3,2,0,1,2,,1,0,2,2,0,0,0,0,0,0,,36,27,11,63,,,4,2,15,24,
28/09/2023,J,0,1,0,0,0,0,1,,1,1,2,0,0,2,0,0,0,0,,4,61,11,39,,,7,3,12,43,
29/09/2023,V,1,2,3,4,0,0,3,,1,1,1,0,0,4,0,0,0,0,,20,55,7,51,,,7,2,7,42,
30/09/2023,S,0,0,0,0,0,0,0,,1,1,2,0,0,2,0,0,0,0,,18,42,7,61,,,1,2,1,19,
01/10/2023,D,0,0,0,0,0,0,0,,1,1,2,1,0,0,0,0,0,0,,25,51,11,37,,,3,2,2,0,
02/10/2023,L,0,0,3,3,0,1,2,,1,2,1,2,0,2,0,0,0,0,,7,47,9,46,,,9,3,20,26,
03/10/2023,M,0,0,0,0,0,0,1,,1,2,2,0,0,2,0,0,0,0,,33,54,5,32,,,6,1,15,20,
04/10/2023,M,2,1,2,2,1,0,1,,1,0,2,2,0,2,0,0,0,0,,34,67,14,60,,,7,3,14,28,
05/10/2023,J,0,0,0,0,0,0,2,,1,0,2,1,0,2,0,0,0,0,,20,46,9,35,,,7,2,12,15,
06/10/2023,V,0,2,3,2,1,2,2,,1,1,2,2,0,4,0,0,0,0,,26,54,1,68,,,3,3,16,33,
07/10/2023,S,0,0,0,0,0,0,0,,0,1,0,2,28,2,0,0,0,0,,40,22,0,30,,,1,1,2,19,
08/10/2023,D,0,0,0,0,0,0,0,,1,2,2,1,0,4,0,0,0,0,,19,50,4,53,,,1,0,0,13,
09/10/2023,L,1,1,3,3,1,0,1,,0,1,1,0,0,0,0,0,0,0,,15,60,9,53,,,3,2,16,28,
10/10/2023,M,0,0,0,0,1,0,1,,0,1,1,1,0,2,0,0,0,0,,17,42,13,62,,,8,3,9,9,
11/10/2023,M,1,1,3,2,0,1,0,,0,1,1,0,0,2,0,0,0,0,,39,31,2,50,,,4,3,17,25,
12/10/2023,J,0,0,0,0,0,0,2,,1,0,0,1,0,4,0,0,0,0,,31,36,13,69,,,5,2,11,0,
13/10/2023,V,0,0,0,0,0,0,0,,1,2,2,1,0,2,0,0,0,0,,21,38,20,57,,,1,0,2,3,
14/10/2023,S,0,0,0,0,0,0,0,,1,1,2,1,0,4,0,0,0,0,,25,63,1,49,,,0,0,2,6,
15/10/2023,D,0,0,0,0,0,0,0,,1,1,0,1,0,2,0,0,0,0,,9,54,8,64,,,3,0,7,11,
16/10/2023,L,2,1,3,2,0,1,1,,1,2,2,1,0,2,0,0,0,0,,20,37,0,37,,,5,2,15,13,
17/10/2023,M,0,0,0,0,0,0,2,,1,0,2,1,0,4,0,0,0,0,,14,30,0,47,,,7,2,13,19,
18/10/2023,M,0,1,2,3,0,0,2,,1,1,2,0,0,0,0,0,0,0,,38,66,4,63,,,5,2,0,47,
19/10/2023,J,0,0,0,0,0,0,0,,1,1,1,0,8,4,0,0,0,0,,19,38,15,40,,,0,1,3,7,
20/10/2023,V,0,0,0,0,0,0,0,,1,1,2,1,8,4,0,0,0,0,,24,38,6,44,,,1,1,4,24,
21/10/2023,S,0,0,0,0,0,0,0,,1,1,2,2,0,4,0,0,0,0,,39,63,1,38,,,5,2,5,23,
22/10/2023,D,0,0,0,0,0,0,0,,1,0,0,1,0,0,0,0,0,0,,31,46,0,62,,,4,0,8,0,
23/10/2023,L,1,1,3,2,0,1,2,,1,1,0,1,0,2,0,0,0,0,,16,52,14,45,,,2,3,9,20,
24/10/2023,M,0,1,0,0,0,0,2,,1,0,0,1,0,4,0,0,0,0,,24,30,3,68,,,6,3,13,22,
25/10/2023,M,1,1,4,2,1,0,0,,1,1,1,1,0,2,0,0,0,0,,8,60,1,42,,,2,1,16,30,
26/10/2023,J,0,0,0,0,0,0,2,,1,1,2,0,0,2,0,0,0,0,,34,66,6,36,,,5,2,15,40,
27/10/2023,V,0,1,3,2,1,1,2,,1,2,0,0,14,4,0,0,0,0,,16,35,18,37,,,5,1,10,10,
28/10/2023,S,0,0,0,0,0,0,0,,1,1,0,1,0,2,0,0,0,0,,17,34,5,64,,,0,1,10,17,
29/10/2023,D,0,0,0,0,0,0,0,,1,0,2,0,0,0,0,0,0,0,,11,47,5,49,,,0,2,14,11,
30/10/2023,L,1,0,2,2,2,0,1,,0,0,2,0,0,4,0,0,0,0,,29,36,9,64,,,7,4,13,40,
31/10/2023,M,0,0,0,0,0,0,3,,1,2,1,1,0,4,0,0,0,0,,18,66,5,45,,,5,1,15,16,
01/11/2023,M,1,1,2,3,0,0,1,,1,0,1,2,0,0,0,0,0,0,,11,54,3,65,,,8,3,12,15,
02/11/2023,J,0,0,0,0,0,0,1,,1,0,1,1,0,4,0,0,0,0,,36,21,8,40,,,4,5,8,35,
03/11/2023,V,1,0,2,3,2,0,1,,1,0,2,1,0,2,0,0,0,0,,32,20,12,66,,,4,2,7,32,
04/11/2023,S,0,0,0,0,0,0,0,,1,1,0,1,0,4,0,0,0,0,,20,32,4,54,,,3,1,13,12,
05/11/2023,D,0,0,0,0,0,0,0,,1,0,0,1,2,2,0,0,0,0,,21,29,17,51,,,0,0,6,18,
06/11/2023,L,1,1,3,4,0,1,2,,1,0,0,1,0,0,0,0,0,0,,9,29,10,35,,,8,3,20,39,
07/11/2023,M,1,0,0,0,0,0,1,,1,2,2,2,0,4,0,0,0,0,,11,61,17,68,,,5,2,6,36,
08/11/2023,M,1,0,2,3,0,0,1,,1,0,1,0,16,2,0,0,0,0,,6,34,17,47,,,7,2,9,13,
09/11/2023,J,1,0,0,0,0,0,1,,1,1,2,1,0,0,0,0,0,0,,4,30,12,45,,,5,3,6,17,
10/11/2023,V,1,1,3,3,1,1,1,,1,1,2,2,30,2,0,0,0,0,,1,36,6,36,,,8,3,13,27,
11/11/2023,S,0,0,0,0,0,0,0,,1,0,1,0,0,0,0,0,0,0,,11,61,10,68,,,1,0,9,3,
12/11/2023,D,0,0,0,0,0,0,0,,1,1,0,1,4,4,0,0,0,0,,32,21,14,49,,,2,0,4,19,
13/11/2023,L,1,1,3,3,0,1,1,,1,2,1,0,7,2,0,0,0,0,,22,26,11,54,,,4,3,12,34,
14/11/2023,M,0,0,0,0,0,0,2,,1,1,1,1,0,4,0,0,0,0,,38,37,0,68,,,2,1,17,21,
15/11/2023,M,1,0,2,4,1,1,0,,1,1,2,0,2,0,0,0,0,0,,30,36,14,38,,,5,4,10,24,
16/11/2023,J,0,1,0,0,0,0,2,,1,1,2,0,0,2,0,0,0,0,,7,67,17,42,,,3,3,9,36,
17/11/2023,V,0,1,4,3,0,1,0,,1,1,2,0,24,2,0,0,0,0,,5,33,3,55,,,3,4,13,26,
18/11/2023,S,0,0,0,0,0,0,0,,1,1,0,0,0,2,0,0,0,0,,40,55,14,42,,,0,2,0,2,
19/11/2023,D,0,0,0,0,0,0,0,,1,0,0,1,0,4,0,0,0,0,,37,51,7,57,,,6,0,0,26,
20/11/2023,L,0,1,3,2,0,2,2,,1,0,2,0,0,4,0,0,0,0,,7,50,2,32,,,6,3,14,43,
21/11/2023,M,0,0,0,1,0,0,1,,1,0,0,1,0,0,0,0,0,0,,25,57,9,42,,,2,4,8,40,
22/11/2023,M,1,1,3,2,1,0,1,,1,1,2,0,8,4,0,0,0,0,,19,35,13,45,,,4,4,9,20,
23/11/2023,J,0,0,0,0,0,0,1,,0,2,2,0,0,2,0,0,0,0,,23,38,1,51,,,3,2,8,22,
24/11/2023,V,2,2,2,3,0,1,2,,0,0,2,0,0,0,0,0,0,0,,6,38,14,64,,,5,3,7,37,
25/11/2023,S,0,0,0,0,0,0,0,,0,1,0,1,29,0,0,0,0,0,,8,32,7,44,,,0,2,11,24,
26/11/2023,D,0,0,0,0,0,0,0,,1,1,0,2,0,2,0,0,0,0,,36,39,11,50,,,2,1,0,12,
27/11/2023,L,2,0,2,2,1,1,2,,1,0,0,0,14,2,0,0,0,0,,15,33,14,44,,,4,3,6,30,
28/11/2023,M,0,0,0,0,0,0,2,,0,1,0,0,13,2,0,0,0,0,,14,29,8,56,,,9,3,10,31,
29/11/2023,M,1,1,3,3,1,0,1,,1,0,2,1,12,4,0,0,0,0,,36,31,3,38,,,4,3,6,29,
30/11/2023,J,0,1,0,0,1,0,2,,1,2,0,2,0,4,0,0,0,0,,14,51,5,50,,,5,3,9,1,
01/12/2023,V,2,1,3,3,1,0,2,,0,1,0,2,29,4,0,0,0,0,,5,33,12,41,,,1,2,10,22,
02/12/2023,S,0,0,0,0,0,0,0,,1,1,2,1,13,2,0,0,0,0,,24,50,2,31,,,3,0,0,13,
03/12/2023,D,0,0,0,0,0,0,0,,1,0,2,0,0,4,0,0,0,0,,7,57,17,48,,,1,0,0,0,
04/12/2023,L,1,1,2,3,1,2,2,,1,1,2,2,0,4,0,0,0,0,,26,66,14,42,,,6,2,11,24,
05/12/2023,M,0,1,0,0,0,0,1,,1,0,2,2,0,0,0,0,0,0,,6,55,17,53,,,6,3,11,33,
06/12/2023,M,1,1,2,2,1,0,1,,1,1,1,1,24,4,0,0,0,0,,4,55,1,36,,,1,2,12,43,
07/12/2023,J,0,0,0,0,0,0,2,,1,1,2,0,28,2,0,0,0,0,,0,51,9,32,,,7,2,9,38,
08/12/2023,V,1,1,2,2,1,0,2,,1,0,2,1,0,4,0,0,0,0,,21,31,16,54,,,5,2,11,44,
09/12/2023,S,0,0,0,0,0,0,0,,1,2,0,2,0,0,0,0,0,0,,34,65,20,39,,,6,2,4,2,
10/12/2023,D,0,0,0,0,0,0,0,,1,2,2,1,0,0,0,0,0,0,,34,60,5,51,,,0,1,2,17,
11/12/2023,L,1,2,2,2,0,0,2,,1,1,0,1,0,0,0,0,0,0,,8,32,10,45,,,6,2,18,12,
12/12/2023,M,1,0,0,0,1,0,0,,1,0,0,1,0,2,0,0,0,0,,15,38,16,55,,,6,1,7,36,
13/12/2023,M,0,0,4,2,0,0,2,,1,0,2,0,0,4,0,0,0,0,,17,62,19,32,,,3,1,3,24,
14/12/2023,J,0,0,0,0,0,0,1,,1,2,2,2,0,4,0,0,0,0,,32,55,3,43,,,4,3,10,31,
15/12/2023,V,1,0,2,2,1,0,2,,0,1,2,0,0,4,0,0,0,0,,15,52,12,67,,,1,3,20,29,
16/12/2023,S,0,0,0,0,0,0,0,,1,0,2,0,0,4,0,0,0,0,,30,32,2,63,,,3,1,2,4,
17/12/2023,D,0,0,0,0,0,0,0,,1,1,2,0,0,4,0,0,0,0,,6,52,4,57,,,3,0,6,8,
18/12/2023,L,1,0,1,2,1,1,1,,1,1,2,1,0,4,0,0,0,0,,25,28,9,45,,,8,2,11,27,
19/12/2023,M,0,0,0,0,0,0,1,,1,0,2,0,0,4,0,0,0,0,,1,38,13,49,,,6,3,18,20,
20/12/2023,M,0,1,4,3,1,1,1,,0,0,2,0,0,2,0,0,0,0,,32,50,11,40,,,6,1,12,32,
21/12/2023,J,0,0,0,0,0,0,3,,0,2,2,0,10,4,0,0,0,0,,17,52,0,41,,,4,3,15,31,
22/12/2023,V,1,0,2,2,0,0,1,,0,1,2,1,0,0,0,0,0,0,,15,48,15,41,,,7,3,19,37,
23/12/2023,S,0,0,0,0,0,0,0,,1,2,2,2,0,4,0,0,0,0,,28,58,3,46,,,3,2,5,0,
24/12/2023,D,0,0,0,0,0,0,0,,1,0,2,1,0,4,0,0,0,0,,16,42,3,38,,,1,0,6,15,
25/12/2023,L,1,1,3,2,0,0,2,,1,0,1,2,25,4,0,0,0,0,,20,21,9,45,,,7,3,4,32,
26/12/2023,M,0,0,0,0,0,0,2,,0,0,2,2,0,4,0,0,0,0,,39,20,9,57,,,3,4,8,17,
27/12/2023,M,0,0,3,3,1,1,2,,0,0,2,1,23,4,0,0,0,0,,12,33,13,39,,,7,3,11,21,
28/12/2023,J,0,0,0,0,0,0,1,,1,1,0,0,0,4,0,0,0,0,,25,50,18,61,,,6,2,7,50,
29/12/2023,V,1,2,4,3,1,1,2,,1,1,0,0,0,4,0,0,0,0,,12,66,0,58,,,6,3,10,29,
30/12/2023,S,0,0,0,0,0,0,0,,1,2,0,1,0,2,0,0,0,0,,39,26,13,52,,,1,0,9,20,
31/12/2023,D,0,0,0,0,0,0,0,,1,0,2,0,27,0,0,0,0,0,,5,25,11,52,,,1,0,0,10,
01/01/2024,L,0,0,0,0,0,0,0,,0,1,1,0,0,2,0,0,0,0,,17,52,4,31,,,1,2,7,0,
02/01/2024,M,0,0,1,4,0,0,2,,0,0,2,0,0,4,0,0,0,0,,12,54,10,31,,,8,3,8,36,
03/01/2024,M,1,0,4,0,1,0,1,,0,0,2,1,18,4,0,0,0,0,,5,47,11,39,,,8,1,6,26,
04/01/2024,J,0,0,1,5,1,0,2,,1,0,2,1,0,4,0,0,0,0,,36,67,15,70,,,5,2,12,12,
05/01/2024,V,1,1,4,0,0,1,1,,1,1,2,1,0,4,0,0,0,0,,27,66,15,67,,,3,0,8,32,
06/01/2024,S,0,0,0,0,0,0,0,,1,2,2,1,0,0,0,0,0,0,,30,51,19,46,,,3,1,0,22,
07/01/2024,D,0,0,0,0,0,0,0,,1,1,2,0,0,2,0,0,0,0,,18,32,5,44,,,3,0,5,13,
08/01/2024,L,2,1,5,0,0,1,1,,1,1,2,0,24,0,0,0,0,0,,3,48,11,34,,,5,1,4,34,
09/01/2024,M,0,0,0,5,0,0,1,,1,1,2,1,0,0,0,0,0,0,,30,60,20,41,,,8,1,8,40,
10/01/2024,M,1,1,4,0,1,0,1,,1,0,1,0,27,2,0,0,0,0,,7,21,5,60,,,8,4,10,36,
11/01/2024,J,0,0,0,4,0,0,2,,1,0,2,0,0,4,0,0,0,0,,6,36,0,55,,,7,3,5,19,
12/01/2024,V,2,2,3,0,0,0,0,,1,1,2,1,0,4,0,0,0,0,,33,52,1,52,,,9,2,13,37,
13/01/2024,S,0,0,0,0,0,0,0,,1,2,1,0,0,2,0,0,0,0,,35,67,18,62,,,4,1,0,8,
14/01/2024,D,0,0,0,0,0,0,0,,1,0,2,1,0,0,0,0,0,0,,9,20,19,55,,,0,2,4,11,
15/01/2024,L,2,1,5,0,0,0,1,,1,0,2,0,0,0,0,0,0,0,,24,67,17,52,,,5,3,14,43,
16/01/2024,M,0,0,0,4,0,0,2,,1,2,1,0,30,2,0,0,0,0,,9,25,16,34,,,4,3,8,15,
17/01/2024,M,0,1,3,0,0,0,1,,1,0,2,2,0,4,0,0,0,0,,18,54,0,33,,,5,2,9,18,
18/01/2024,J,0,0,0,4,0,0,2,,1,2,0,1,0,4,0,0,0,0,,12,48,15,40,,,4,3,11,40,
19/01/2024,V,1,1,4,0,0,0,1,,1,1,2,0,30,2,0,0,0,0,,14,20,2,54,,,6,4,12,20,
20/01/2024,S,0,0,0,0,0,0,0,,1,0,1,0,0,4,0,0,0,0,,4,23,17,64,,,3,0,9,9,
21/01/2024,D,0,0,0,0,0,0,0,,1,2,0,0,0,2,0,0,0,0,,39,26,7,60,,,1,3,4,25,
22/01/2024,L,1,2,3,0,1,1,1,,1,0,2,2,18,4,0,0,0,0,,12,31,20,39,,,6,3,12,49,
23/01/2024,M,0,0,0,5,0,0,2,,1,0,1,1,0,4,0,0,0,0,,24,46,11,56,,,7,1,14,47,
24/01/2024,M,1,1,4,0,0,0,1,,1,0,2,0,0,4,0,0,0,0,,20,45,10,56,,,4,3,11,29,
25/01/2024,J,0,0,0,5,0,0,2,,0,1,0,1,0,4,0,0,0,0,,27,57,8,57,,,7,5,4,27,
26/01/2024,V,1,1,4,0,2,1,1,,0,2,2,1,0,2,0,0,0,0,,6,64,5,53,,,8,4,11,29,
27/01/2024,S,0,0,0,0,0,0,0,,1,0,1,1,0,2,0,0,0,0,,25,33,6,58,,,3,1,4,5,
28/01/2024,D,0,0,0,0,0,0,0,,1,1,1,0,0,0,0,0,0,0,,7,62,15,70,,,0,0,1,4,
29/01/2024,L,1,1,3,0,2,0,1,,1,2,0,1,0,4,0,0,0,0,,40,47,9,62,,,6,2,14,29,
30/01/2024,M,0,0,0,4,0,0,1,,1,0,0,0,0,4,0,0,0,0,,26,66,15,35,,,2,3,16,45,
31/01/2024,M,2,1,3,0,0,1,2,,0,1,0,0,0,2,0,0,0,0,,28,46,0,63,,,3,2,15,31,
01/02/2024,J,0,0,0,5,0,0,1,,1,1,2,1,0,4,0,0,0,0,,20,56,5,36,,,8,4,13,10,
02/02/2024,V,2,2,3,1,1,1,2,,1,1,0,2,0,0,0,0,0,0,,6,55,5,45,,,3,4,18,21,
03/02/2024,S,0,0,0,0,0,0,0,,0,1,2,2,0,4,0,0,0,0,,3,46,8,38,,,0,0,0,0,
04/02/2024,D,0,0,0,0,0,0,0,,1,1,1,0,2,0,0,0,0,0,,1,65,2,50,,,1,0,6,7,
05/02/2024,L,1,1,4,0,0,0,1,,1,1,1,1,0,4,0,0,0,0,,25,42,9,37,,,5,3,11,42,
06/02/2024,M,0,0,0,0,0,0,0,,1,0,0,1,0,0,0,0,0,0,,28,44,6,37,,,2,1,7,34,
07/02/2024,M,1,1,3,0,0,0,0,,1,0,2,0,30,2,0,0,0,0,,6,20,11,50,,,3,3,4,15,
08/02/2024,J,0,0,0,0,0,0,0,,1,0,2,2,0,0,0,0,0,0,,7,33,9,32,,,0,1,4,7,
09/02/2024,V,1,2,4,0,1,0,1,,1,1,1,0,0,2,0,0,0,0,,36,58,1,62,,,5,3,12,22,
10/02/2024,S,0,0,0,0,0,0,0,,1,0,1,1,0,4,0,0,0,0,,27,60,9,51,,,7,0,4,20,
11/02/2024,D,0,0,0,0,0,0,0,,1,0,1,2,0,4,0,0,0,0,,34,61,18,37,,,3,2,9,13,
12/02/2024,L,2,1,4,0,2,1,1,,1,0,0,1,0,2,0,0,0,0,,7,39,7,38,,,2,1,12,23,
13/02/2024,M,0,0,0,4,0,0,1,,1,2,0,2,0,4,0,0,0,0,,38,66,20,59,,,4,2,8,24,
14/02/2024,M,1,2,3,0,0,0,1,,1,0,0,0,0,2,0,0,0,0,,25,64,18,37,,,6,3,6,42,
15/02/2024,J,0,0,0,4,0,0,2,,1,0,1,1,0,4,0,0,0,0,,7,43,19,43,,,3,4,6,36,
16/02/2024,V,2,1,3,0,0,0,1,,1,2,2,0,0,0,0,0,0,0,,32,70,11,56,,,7,3,6,20,
17/02/2024,S,0,0,0,0,0,0,0,,1,2,2,0,25,2,0,0,0,0,,24,21,3,47,,,0,1,4,20,
18/02/2024,D,0,0,0,0,0,0,0,,1,0,2,1,0,4,0,0,0,0,,36,38,13,70,,,3,1,3,0,
19/02/2024,L,1,2,3,0,1,0,2,,1,0,1,2,0,4,0,0,0,0,,37,25,11,54,,,7,2,11,25,
20/02/2024,M,0,0,0,5,0,0,2,,0,2,2,2,0,0,0,0,0,0,,13,49,7,41,,,5,2,17,30,
21/02/2024,M,1,2,4,0,1,0,1,,1,0,2,1,0,4,0,0,0,0,,22,62,11,42,,,6,1,8,7,
22/02/2024,J,0,0,0,5,0,0,1,,1,1,2,2,0,4,0,0,0,0,,23,53,6,67,,,5,3,0,40,
23/02/2024,V,0,0,0,0,0,0,0,,1,1,2,1,0,2,0,0,0,0,,20,28,15,67,,,0,0,8,25,
24/02/2024,S,0,0,0,0,0,0,0,,1,1,0,1,0,2,0,0,0,0,,7,47,12,38,,,0,1,2,0,
25/02/2024,D,0,0,0,0,0,0,0,,1,1,0,0,0,0,0,0,0,0,,15,31,20,50,,,4,1,10,36,
26/02/2024,L,2,1,3,0,1,1,2,,1,0,2,1,0,2,0,0,0,0,,5,52,13,64,,,5,0,13,20,
27/02/2024,M,0,0,0,5,0,1,1,,1,1,2,0,16,2,0,0,0,0,,15,36,12,41,,,5,2,14,30,
28/02/2024,M,1,2,4,0,0,0,2,,1,0,2,0,0,0,0,0,0,0,,27,35,15,69,,,7,3,13,35,
29/02/2024,J,0,0,0,4,0,0,0,,0,2,0,0,0,0,0,0,0,0,,34,20,14,34,,,6,2,15,28,
01/03/2024,V,2,2,3,0,0,0,2,,1,1,1,1,5,2,0,0,0,0,,11,58,14,32,,,3,2,6,39,
02/03/2024,S,0,0,0,0,0,0,0,,1,2,1,1,0,4,0,0,0,0,,37,32,10,39,,,2,0,8,25,
03/03/2024,D,0,0,0,0,0,0,0,,1,0,2,1,0,4,0,0,0,0,,28,46,17,69,,,3,0,0,0,
04/03/2024,L,1,1,3,0,0,1,2,,1,2,1,2,0,4,0,0,0,0,,36,53,8,35,,,5,3,8,20,
05/03/2024,M,0,0,0,4,0,0,0,,1,0,2,2,0,4,0,0,0,0,,25,36,1,38,,,3,3,13,32,
06/03/2024,M,1,2,4,1,0,1,1,,1,2,2,0,0,2,0,0,0,0,,2,41,18,64,,,7,3,12,21,
07/03/2024,J,0,0,0,4,0,0,1,,1,1,0,1,0,0,0,0,0,0,,23,62,7,35,,,7,3,16,26,
08/03/2024,V,1,2,2,0,1,1,2,,1,0,2,0,0,2,0,0,0,0,,28,66,18,55,,,9,3,16,34,
09/03/2024,S,0,0,0,0,0,0,0,,1,1,2,1,5,2,0,0,0,0,,10,67,4,34,,,0,2,6,0,
10/03/2024,D,0,0,0,0,0,0,0,,0,2,2,1,0,4,0,0,0,0,,5,35,3,67,,,6,0,14,1,
11/03/2024,L,1,2,3,0,0,0,1,,1,2,1,1,24,0,0,0,0,0,,21,36,6,33,,,9,2,16,43,
12/03/2024,M,0,0,1,4,0,0,1,,1,0,2,1,0,2,0,0,0,0,,32,62,4,34,,,7,3,2,24,
13/03/2024,M,1,2,3,0,0,1,1,,1,1,2,0,0,0,0,0,0,0,,8,63,7,56,,,7,3,14,36,
14/03/2024,J,0,0,0,5,0,0,2,,1,0,2,1,0,0,0,0,0,0,,6,27,15,32,,,3,3,12,45,
15/03/2024,V,1,1,3,0,1,0,2,,1,0,2,0,0,2,0,0,0,0,,19,68,16,36,,,4,3,12,50,
16/03/2024,S,0,0,0,0,0,0,0,,0,1,2,2,0,0,0,0,0,0,,29,44,20,50,,,5,0,8,1,
17/03/2024,D,0,0,0,0,0,0,0,,0,0,2,1,0,0,0,0,0,0,,5,53,13,52,,,0,1,2,8,
18/03/2024,L,2,2,3,0,1,0,3,,1,0,2,0,0,4,0,0,0,0,,3,23,3,38,,,7,1,7,46,
19/03/2024,M,0,0,0,5,0,0,1,,1,1,1,1,0,4,0,0,0,0,,4,64,5,57,,,7,3,6,33,
20/03/2024,M,2,1,3,0,1,1,1,,1,0,1,1,0,2,0,0,0,0,,12,67,17,46,,,2,2,14,31,
21/03/2024,J,0,0,0,5,0,0,3,,1,0,2,0,7,0,0,0,0,0,,8,58,15,32,,,4,1,4,42,
22/03/2024,V,1,1,3,0,1,1,2,,1,1,2,0,0,2,0,0,0,0,,14,39,7,60,,,5,4,15,26,
23/03/2024,S,0,0,0,0,0,0,0,,1,0,1,0,14,4,0,0,0,0,,0,50,11,45,,,0,0,1,10,
24/03/2024,D,0,0,0,0,0,0,0,,1,2,2,0,30,4,0,0,0,0,,3,41,7,39,,,5,1,4,0,
25/03/2024,L,2,1,2,0,1,0,2,,1,1,2,0,0,2,0,0,0,0,,37,45,6,50,,,7,2,17,18,
26/03/2024,M,0,0,0,4,0,0,2,,0,2,1,1,22,2,0,0,0,0,,22,25,1,50,,,5,3,13,32,
27/03/2024,M,1,1,3,0,0,1,1,,1,1,2,1,0,2,0,0,0,0,,32,41,18,48,,,4,3,7,23,
28/03/2024,J,1,0,0,4,0,0,2,,1,0,1,0,0,0,0,0,0,0,,13,40,2,69,,,10,3,12,38,
29/03/2024,V,1,2,3,0,0,2,1,,1,1,2,0,0,2,0,0,0,0,,5,40,18,65,,,3,2,15,25,
30/03/2024,S,0,0,0,0,0,0,0,,1,2,1,1,0,4,0,0,0,0,,25,25,15,65,,,0,2,8,0,
31/03/2024,D,0,0,0,0,0,0,0,,1,1,2,1,0,4,0,0,0,0,,13,32,8,36,,,4,0,4,13,
01/04/2024,L,0,0,5,0,1,0,0,,1,1,1,0,0,4,0,0,0,0,,30,37,7,43,,,1,1,2,10,
02/04/2024,M,0,0,0,3,0,0,1,,1,1,2,1,14,4,0,0,0,0,,35,20,13,38,,,9,1,12,24,
03/04/2024,M,2,2,4,0,0,1,1,,0,1,1,0,0,0,0,0,0,0,,9,40,15,48,,,7,2,15,31,
04/04/2024,J,0,0,0,5,0,0,2,,1,2,0,1,0,4,0,0,0,0,,40,70,17,57,,,7,2,11,10,
05/04/2024,V,2,2,4,0,1,0,1,,1,0,1,1,0,4,0,0,0,0,,17,38,5,61,,,7,4,12,42,
06/04/2024,S,0,0,0,0,0,0,0,,0,2,0,0,0,4,0,0,0,0,,39,70,15,42,,,4,2,5,6,
07/04/2024,D,0,0,0,0,0,0,0,,1,1,1,2,0,2,0,0,0,0,,27,60,12,65,,,4,3,4,11,
08/04/2024,L,1,1,4,0,1,0,2,,1,1,2,0,0,2,0,0,0,0,,26,54,15,57,,,5,2,14,35,
09/04/2024,M,0,0,0,4,0,0,2,,1,0,1,1,0,4,0,0,0,0,,29,45,18,55,,,3,3,18,49,
10/04/2024,M,2,1,3,0,0,1,1,,0,1,1,1,0,2,0,0,0,0,,34,53,20,51,,,5,1,14,27,
11/04/2024,J,0,0,0,4,0,0,1,,1,2,1,2,0,2,0,0,0,0,,35,69,4,43,,,7,4,9,29,
12/04/2024,V,0,2,4,0,0,1,2,,0,2,2,0,0,4,0,0,0,0,,21,51,16,56,,,2,3,5,26,
13/04/2024,S,0,0,0,0,0,0,0,,1,1,2,2,1,4,0,0,0,0,,7,62,13,37,,,1,2,0,8,
14/04/2024,D,0,0,0,0,0,0,0,,1,0,2,0,0,0,0,0,0,0,,33,38,16,34,,,0,2,9,12,
15/04/2024,L,2,2,4,0,0,0,1,,1,1,0,1,0,4,0,0,0,0,,32,21,9,45,,,8,2,9,23,
16/04/2024,M,0,0,0,3,0,0,2,,1,1,0,0,0,0,0,0,0,0,,19,41,14,52,,,6,2,19,32,
17/04/2024,M,1,2,4,0,0,1,2,,1,1,2,1,4,0,0,0,0,0,,6,37,8,65,,,3,1,9,28,
18/04/2024,J,0,0,0,4,0,0,3,,1,2,2,1,22,2,0,0,0,0,,15,35,2,46,,,4,3,11,17,
19/04/2024,V,0,0,3,0,1,0,3,,1,0,2,0,0,0,0,0,0,0,,37,59,1,68,,,3,2,12,25,
20/04/2024,S,0,0,0,0,0,0,0,,1,0,2,1,0,0,0,0,0,0,,20,62,19,50,,,1,2,10,20,
21/04/2024,D,0,0,0,0,0,0,0,,0,2,2,1,0,2,0,0,0,0,,22,68,5,37,,,3,0,0,2,
22/04/2024,L,2,2,5,0,0,2,1,,1,1,2,0,0,4,0,0,0,0,,7,46,14,64,,,3,3,5,28,
23/04/2024,M,0,0,0,5,0,0,2,,1,2,0,2,0,4,0,0,0,0,,16,55,12,36,,,5,2,13,42,
24/04/2024,M,1,1,3,0,1,1,2,,1,2,2,0,0,4,0,0,0,0,,24,32,0,54,,,5,3,15,40,
25/04/2024,J,0,0,0,5,0,0,1,,1,1,1,0,30,4,0,0,0,0,,1,33,8,47,,,5,1,11,36,
26/04/2024,V,1,2,3,0,1,0,1,,1,0,0,2,0,4,0,0,0,0,,20,37,12,53,,,7,2,15,45,
27/04/2024,S,0,0,0,0,0,0,0,,1,2,2,1,0,2,0,0,0,0,,35,68,1,45,,,1,0,6,9,
28/04/2024,D,0,0,0,0,0,0,0,,1,2,2,0,0,4,0,0,0,0,,37,45,7,67,,,4,0,0,0,
29/04/2024,L,1,1,4,0,0,0,2,,0,1,1,0,13,0,0,0,0,0,,3,45,18,41,,,5,3,14,12,
30/04/2024,M,0,0,0,4,1,0,1,,1,0,0,2,0,2,0,0,0,0,,33,30,17,52,,,9,2,9,8,
01/05/2024,M,2,0,4,1,0,0,1,,0,0,0,1,0,2,0,0,0,0,,28,62,6,33,,,5,3,12,11,
02/05/2024,J,0,0,0,4,0,0,2,,0,2,1,0,0,2,0,0,0,0,,17,31,18,68,,,5,3,10,50,
03/05/2024,V,2,1,3,0,0,1,2,,1,2,2,1,0,0,0,0,0,0,,18,70,16,57,,,4,2,8,32,
04/05/2024,S,0,0,0,0,0,0,0,,1,0,2,1,0,4,0,0,0,0,,11,61,12,55,,,2,0,3,28,
05/05/2024,D,0,0,0,0,0,0,0,,1,2,2,2,0,4,0,0,0,0,,3,70,8,52,,,2,1,2,16,
06/05/2024,L,1,1,4,0,1,1,3,,1,2,1,0,0,4,0,0,0,0,,29,40,5,50,,,5,3,13,34,
07/05/2024,M,0,0,0,5,0,0,1,,1,0,2,0,0,4,0,0,0,0,,18,42,6,65,,,5,2,12,28,
08/05/2024,M,2,2,4,0,0,0,2,,1,1,2,0,0,0,0,0,0,0,,32,63,6,37,,,5,3,12,33,
09/05/2024,J,0,0,0,5,1,0,2,,0,1,1,1,0,4,0,0,0,0,,35,27,12,38,,,7,3,18,32,
10/05/2024,V,2,0,3,0,0,0,2,,1,1,2,1,0,0,0,0,0,0,,14,26,16,51,,,6,1,6,29,
11/05/2024,S,0,0,0,0,0,0,0,,1,1,1,1,0,0,0,0,0,0,,40,55,14,30,,,3,0,12,15,
12/05/2024,D,0,0,0,0,0,0,0,,1,0,2,0,0,4,0,0,0,0,,38,29,14,36,,,2,1,8,12,
13/05/2024,L,2,1,4,0,0,0,1,,1,2,1,1,0,2,0,0,0,0,,23,48,16,49,,,6,3,11,21,
14/05/2024,M,0,0,0,4,0,0,2,,1,2,2,2,0,0,0,0,0,0,,15,59,17,68,,,4,2,9,18,
15/05/2024,M,2,1,4,0,0,1,1,,1,1,1,1,0,2,0,0,0,0,,8,35,4,63,,,4,2,13,24,
16/05/2024,J,1,0,0,4,1,0,3,,1,0,1,1,16,0,0,0,0,0,,0,36,20,48,,,7,3,16,12,
17/05/2024,V,2,2,3,0,0,1,1,,1,1,1,0,0,4,0,0,0,0,,12,63,9,60,,,3,3,0,33,
18/05/2024,S,0,0,0,0,0,0,0,,1,0,2,1,0,2,0,0,0,0,,39,30,0,30,,,3,1,11,22,
19/05/2024,D,0,0,0,0,0,0,0,,1,1,1,0,0,4,0,0,0,0,,15,57,2,31,,,0,1,8,21,
20/05/2024,L,1,1,4,0,0,1,2,,1,2,0,1,0,4,0,0,0,0,,8,66,6,43,,,6,5,16,41,
21/05/2024,M,0,0,0,4,0,0,1,,1,2,1,0,0,2,0,0,0,0,,31,55,14,48,,,1,3,12,23,
22/05/2024,M,1,2,5,0,0,0,2,,1,0,2,0,0,0,0,0,0,0,,23,54,11,48,,,2,3,13,50,
23/05/2024,J,0,0,0,5,0,0,1,,1,0,1,2,0,0,0,0,0,0,,40,63,7,66,,,7,1,9,30,
24/05/2024,V,2,1,2,0,0,1,2,,1,0,0,1,0,4,0,0,0,0,,31,48,6,31,,,2,1,7,42,
25/05/2024,S,0,0,0,0,0,0,0,,1,1,0,0,2,4,0,0,0,0,,34,34,10,40,,,0,2,3,1,
26/05/2024,D,0,0,0,0,0,0,0,,1,1,2,0,0,4,0,0,0,0,,1,30,17,67,,,5,0,11,12,
27/05/2024,L,2,2,4,0,1,0,1,,1,2,1,2,0,2,0,0,0,0,,3,50,4,35,,,6,3,13,13,
28/05/2024,M,0,0,0,5,0,0,3,,0,1,2,0,0,4,0,0,0,0,,14,58,9,50,,,6,2,15,50,
29/05/2024,M,1,2,3,0,1,2,2,,1,1,2,0,0,4,0,0,0,0,,40,53,6,70,,,6,4,7,50,
30/05/2024,J,0,0,0,4,0,0,1,,1,2,2,1,0,4,0,0,0,0,,1,46,16,61,,,5,3,10,21,
31/05/2024,V,2,2,2,0,0,1,1,,1,1,1,0,0,4,0,0,0,0,,18,47,7,36,,,7,3,13,34,
01/06/2024,S,0,0,0,0,0,0,0,,1,1,1,1,0,4,0,0,0,0,,5,54,14,58,,,6,0,11,13,
02/06/2024,D,0,0,0,0,0,0,0,,1,1,0,1,0,4,0,0,0,0,,35,40,14,41,,,0,0,6,17,
03/06/2024,L,2,2,3,0,1,1,1,,1,1,1,1,0,4,0,0,0,0,,21,50,6,70,,,10,3,11,35,
04/06/2024,M,0,0,0,4,0,0,2,,1,2,2,2,0,4,0,0,0,0,,20,70,15,44,,,6,3,13,30,
05/06/2024,M,2,2,4,0,1,0,2,,1,2,2,0,24,2,0,0,0,0,,3,56,7,30,,,3,4,13,29,
06/06/2024,J,0,0,0,4,0,0,1,,1,1,1,0,0,4,0,0,0,0,,30,22,16,55,,,2,2,15,34,
07/06/2024,V,0,0,5,0,1,0,0,,1,1,1,2,0,2,0,0,0,0,,27,46,12,67,,,7,3,13,27,
08/06/2024,S,0,0,0,0,0,0,0,,0,1,1,0,30,2,0,0,0,0,,0,44,7,34,,,3,0,0,20,
09/06/2024,D,0,0,0,0,0,0,0,,1,1,1,1,26,4,0,0,0,0,,12,35,11,36,,,3,0,8,4,
10/06/2024,L,0,2,2,0,0,1,1,,1,0,0,0,30,4,0,0,0,0,,0,21,3,43,,,6,2,0,37,
11/06/2024,M,0,0,0,4,0,0,1,,1,1,0,2,0,0,0,0,0,0,,36,60,8,63,,,6,2,12,33,
12/06/2024,M,2,1,3,0,1,0,1,,0,2,0,0,13,4,0,0,0,0,,21,35,11,40,,,7,1,10,32,
13/06/2024,J,0,0,0,5,0,0,2,,0,2,1,1,10,2,0,0,0,0,,32,33,15,30,,,4,2,15,27,
14/06/2024,V,2,2,3,0,1,0,0,,0,1,2,0,0,4,0,0,0,0,,35,44,3,60,,,10,2,13,23,
15/06/2024,S,0,0,0,0,0,0,0,,0,0,2,1,0,2,0,0,0,0,,39,58,7,47,,,4,0,2,14,
16/06/2024,D,0,0,0,0,0,0,0,,1,0,2,1,0,4,0,0,0,0,,8,62,2,41,,,0,0,0,10,
17/06/2024,L,2,1,2,2,0,1,1,,1,2,0,1,30,0,0,0,0,0,,2,36,2,36,,,6,3,11,28,
18/06/2024,M,0,0,0,5,0,0,1,,0,0,1,2,11,2,0,0,0,0,,16,42,12,39,,,4,3,17,37,
19/06/2024,M,1,2,5,0,0,0,1,,1,1,2,1,0,2,0,0,0,0,,19,48,20,58,,,2,2,9,36,
20/06/2024,J,0,0,0,4,0,0,1,,1,0,2,2,0,4,0,0,0,0,,37,70,19,32,,,6,2,10,32,
21/06/2024,V,1,1,5,0,1,1,2,,0,1,2,0,0,4,0,0,0,0,,11,20,19,54,,,5,3,15,42,
22/06/2024,S,0,0,0,0,0,0,0,,1,2,1,2,10,0,0,0,0,0,,19,27,14,50,,,6,1,4,14,
23/06/2024,D,0,0,0,0,0,0,0,,1,2,0,2,0,2,0,0,0,0,,6,36,18,68,,,1,1,0,7,
24/06/2024,L,2,1,4,0,0,2,3,,1,1,0,0,0,4,0,0,0,0,,21,27,14,34,,,8,2,17,24,
25/06/2024,M,0,0,0,5,0,0,0,,1,0,1,1,0,2,0,0,0,0,,35,43,6,42,,,6,2,11,34,
26/06/2024,M,0,0,0,0,0,0,0,,1,2,2,2,0,4,0,0,0,0,,37,47,12,46,,,0,1,3,31,
27/06/2024,J,0,0,0,4,0,0,1,,0,1,2,1,0,2,0,0,0,0,,40,34,11,60,,,8,3,8,25,
28/06/2024,V,2,1,3,0,0,0,0,,1,1,2,0,0,0,0,0,0,0,,28,44,5,54,,,6,2,11,30,
29/06/2024,S,0,0,0,0,0,0,0,,1,2,2,0,12,2,0,0,0,0,,6,41,9,52,,,3,0,11,7,
30/06/2024,D,0,0,0,0,0,0,0,,1,2,0,0,2,4,0,0,0,0,,33,48,4,33,,,0,1,2,0,
01/07/2024,L,2,2,3,0,0,1,1,,1,2,0,2,15,4,0,0,0,0,,0,57,18,30,,,5,2,13,45,
02/07/2024,M,0,0,0,5,0,0,3,,1,2,2,0,0,0,0,0,0,0,,17,46,14,46,,,4,2,13,16,
03/07/2024,M,1,2,4,0,0,1,2,,1,2,2,1,0,4,0,0,0,0,,29,63,8,46,,,6,2,7,20,
04/07/2024,J,0,1,0,4,0,0,3,,1,0,1,1,0,4,0,0,0,0,,1,32,7,50,,,2,3,9,26,
05/07/2024,V,1,2,3,0,1,1,2,,1,1,2,0,0,4,0,0,0,0,,17,32,7,37,,,7,0,10,43,
06/07/2024,S,0,0,0,0,0,0,0,,1,1,2,1,0,4,0,0,0,0,,10,25,0,54,,,4,2,3,29,
07/07/2024,D,0,0,0,0,0,0,0,,0,0,0,0,0,4,0,0,0,0,,39,63,11,30,,,2,0,12,3,
08/07/2024,L,1,1,3,0,0,0,2,,1,1,2,2,0,4,0,0,0,0,,10,43,10,39,,,6,2,11,40,
09/07/2024,M,0,0,0,4,0,0,2,,1,0,2,1,18,0,0,0,0,0,,24,23,12,43,,,5,1,14,24,
10/07/2024,M,1,1,3,0,0,1,2,,1,0,2,2,0,2,0,0,0,0,,21,37,15,58,,,2,3,9,25,
11/07/2024,J,0,0,0,5,0,1,1,,0,1,2,1,0,2,0,0,0,0,,9,68,16,31,,,7,4,4,44,
12/07/2024,V,1,2,4,0,0,1,2,,1,2,0,0,0,0,0,0,0,0,,21,44,19,68,,,6,3,15,27,
13/07/2024,S,0,0,0,0,0,0,0,,1,0,2,2,6,2,0,0,0,0,,14,45,17,38,,,2,2,9,5,
14/07/2024,D,0,0,0,0,0,0,0,,1,1,2,1,25,4,0,0,0,0,,13,21,10,51,,,4,0,5,13,
15/07/2024,L,2,2,3,1,0,0,1,,1,1,2,1,0,2,0,0,0,0,,2,29,20,69,,,5,4,12,19,
16/07/2024,M,1,0,0,5,0,0,0,,0,2,2,1,0,4,0,0,0,0,,38,70,8,64,,,3,3,10,9,
17/07/2024,M,2,1,3,0,1,0,2,,1,1,2,0,0,2,0,0,0,0,,34,37,20,48,,,5,2,7,40,
18/07/2024,J,0,0,0,4,0,0,2,,1,0,2,1,0,0,0,0,0,0,,32,38,6,53,,,4,3,16,19,
19/07/2024,V,1,2,4,0,0,1,1,,0,2,2,1,30,2,0,0,0,0,,20,20,2,34,,,4,3,12,9,
20/07/2024,S,0,0,0,0,0,0,0,,0,0,2,1,0,2,0,0,0,0,,21,69,9,62,,,1,0,3,5,
21/07/2024,D,0,0,0,0,0,0,0,,1,1,0,0,0,4,0,0,0,0,,40,45,12,55,,,0,2,5,8,
22/07/2024,L,0,2,3,0,1,1,1,,0,1,0,1,0,4,0,0,0,0,,36,50,4,55,,,2,3,15,37,
23/07/2024,M,0,0,0,3,0,0,1,,1,2,1,0,0,0,0,0,0,0,,0,22,16,37,,,5,2,12,25,
24/07/2024,M,1,2,4,0,1,0,1,,1,1,2,2,0,4,0,0,0,0,,20,64,0,51,,,7,4,10,31,
25/07/2024,J,0,0,0,4,0,0,1,,1,2,2,2,0,0,0,0,0,0,,23,28,10,52,,,8,3,7,14,
26/07/2024,V,2,2,3,1,1,0,1,,0,0,2,2,0,0,0,0,0,0,,29,34,14,67,,,3,3,17,18,
27/07/2024,S,0,0,0,0,0,0,0,,1,0,2,1,1,4,0,0,0,0,,36,35,14,34,,,5,1,0,17,
28/07/2024,D,0,0,0,0,0,0,0,,1,2,2,2,0,2,0,0,0,0,,22,37,20,58,,,1,2,4,16,
29/07/2024,L,1,1,5,0,1,1,1,,1,0,2,1,0,0,0,0,0,0,,32,38,9,63,,,9,2,16,15,
30/07/2024,M,0,0,0,4,0,0,2,,1,1,0,1,0,0,0,0,0,0,,30,45,19,64,,,5,3,5,26,
31/07/2024,M,1,2,5,0,1,1,0,,1,2,2,1,0,0,0,0,0,0,,39,36,4,43,,,7,3,12,20,
01/08/2024,J,0,0,0,4,0,0,3,,1,0,2,1,0,2,0,0,0,0,,10,43,6,50,,,3,2,9,33,
02/08/2024,V,2,2,4,0,1,1,2,,1,1,0,1,0,4,0,0,0,0,,21,63,17,61,,,7,4,10,44,
03/08/2024,S,0,0,0,0,0,0,0,,1,0,1,2,0,4,0,0,0,0,,0,38,6,65,,,0,2,2,10,
04/08/2024,D,0,0,0,0,0,0,0,,1,0,1,0,0,2,0,0,0,0,,14,69,6,51,,,4,1,0,20,
05/08/2024,L,2,1,3,0,1,1,3,,1,2,2,2,0,0,0,0,0,0,,38,31,15,34,,,6,2,15,44,
06/08/2024,M,0,0,0,4,0,0,2,,0,1,1,0,0,4,0,0,0,0,,4,55,12,47,,,7,1,5,14,
07/08/2024,M,2,2,4,0,0,0,1,,1,0,2,0,9,4,0,0,0,0,,12,43,19,37,,,7,4,13,40,
08/08/2024,J,0,0,0,5,0,0,1,,1,0,2,0,0,0,0,0,0,0,,37,33,13,37,,,1,3,12,32,
09/08/2024,V,1,1,4,0,0,1,1,,1,1,1,1,0,2,0,0,0,0,,6,67,5,45,,,5,4,10,50,
10/08/2024,S,0,0,0,0,0,0,0,,1,0,1,0,0,4,0,0,0,0,,13,41,19,56,,,0,0,5,25,
11/08/2024,D,0,0,0,0,0,0,0,,1,1,2,1,0,4,0,0,0,0,,19,54,3,65,,,3,0,4,12,
12/08/2024,L,1,2,4,0,0,2,1,,1,0,2,2,7,2,0,0,0,0,,7,51,13,42,,,4,2,4,26,
13/08/2024,M,0,0,0,5,0,0,1,,1,0,0,1,8,0,0,0,0,0,,19,25,10,58,,,9,4,8,40,
14/08/2024,M,1,2,4,0,0,1,2,,1,1,2,1,0,4,0,0,0,0,,31,41,13,44,,,7,4,12,27,
15/08/2024,J,0,0,0,5,0,0,0,,1,1,0,0,0,0,0,0,0,0,,5,66,13,36,,,5,3,15,30,
16/08/2024,V,1,2,4,0,1,0,1,,1,1,1,1,0,4,0,0,0,0,,34,42,1,70,,,7,4,10,50,
17/08/2024,S,0,0,0,0,0,0,0,,1,2,0,0,0,0,0,0,0,0,,16,65,9,59,,,1,0,5,7,
18/08/2024,D,0,0,0,0,0,0,0,,1,0,2,1,0,4,0,0,0,0,,13,48,7,63,,,2,2,7,13,
19/08/2024,L,2,2,3,0,0,0,1,,1,0,1,1,0,4,0,0,0,0,,25,66,20,49,,,9,4,9,34,
20/08/2024,M,0,0,0,4,0,0,1,,1,0,2,2,0,0,0,0,0,0,,24,52,7,46,,,5,0,5,37,
21/08/2024,M,2,1,3,0,0,1,1,,1,2,0,0,0,0,0,0,0,0,,19,63,8,44,,,6,1,10,18,
22/08/2024,J,0,0,0,4,0,0,2,,0,2,0,1,30,0,0,0,0,0,,8,23,14,37,,,7,2,3,33,
23/08/2024,V,1,2,3,0,1,1,2,,1,2,2,0,0,0,0,0,0,0,,7,40,10,50,,,1,2,14,45,
24/08/2024,S,0,0,0,0,0,0,0,,1,2,0,0,0,0,0,0,0,0,,15,23,7,63,,,4,0,6,13,
25/08/2024,D,0,0,0,0,0,0,0,,1,1,2,0,0,2,0,0,0,0,,27,57,15,57,,,0,0,2,9,
26/08/2024,L,2,2,4,0,0,0,1,,1,0,2,2,9,0,0,0,0,0,,8,45,2,56,,,7,2,4,20,
27/08/2024,M,0,0,0,4,0,0,2,,1,1,0,1,7,0,0,0,0,0,,4,63,9,37,,,7,3,4,33,
28/08/2024,M,1,2,4,0,0,0,2,,1,0,2,0,0,2,0,0,0,0,,40,34,15,69,,,6,3,13,20,
29/08/2024,J,0,0,0,4,0,0,1,,1,0,0,0,0,4,0,0,0,0,,1,34,19,64,,,4,3,13,25,
30/08/2024,V,1,1,4,0,0,2,2,,1,2,1,0,6,2,0,0,0,0,,3,49,12,50,,,7,3,20,39,
31/08/2024,S,0,0,0,0,0,0,0,,1,0,1,0,11,4,0,0,0,0,,17,53,0,39,,,5,0,13,0,
01/09/2024,D,0,0,0,0,0,0,0,,1,1,0,1,0,4,0,0,0,0,,8,49,7,69,,,3,1,2,12,
02/09/2024,L,2,1,3,0,0,1,2,,1,1,2,2,0,0,0,0,0,0,,30,47,7,58,,,8,3,7,22,
03/09/2024,M,0,0,0,4,0,0,1,,0,2,2,0,0,4,0,0,0,0,,5,68,13,43,,,5,2,17,27,
04/09/2024,M,2,2,3,0,0,0,2,,1,2,0,1,0,4,0,0,0,0,,13,55,9,69,,,9,0,12,31,
05/09/2024,J,0,0,0,4,0,0,1,,1,2,1,0,0,0,0,0,0,0,,3,25,12,48,,,6,2,12,35,
06/09/2024,V,1,1,5,0,0,1,1,,1,1,2,2,0,4,0,0,0,0,,25,50,1,57,,,5,2,15,45,
07/09/2024,S,0,0,0,0,0,0,0,,1,1,2,2,0,2,0,0,0,0,,4,63,13,67,,,0,1,1,13,
08/09/2024,D,0,0,0,0,0,0,0,,1,2,0,1,30,2,0,0,0,0,,10,28,5,35,,,2,0,5,12,
09/09/2024,L,0,2,3,0,0,0,2,,0,1,1,2,0,4,0,0,0,0,,33,60,18,35,,,5,3,10,15,
10/09/2024,M,0,0,0,5,0,0,2,,1,0,1,0,12,0,0,0,0,0,,26,26,19,37,,,3,2,11,35,
11/09/2024,M,1,2,4,0,1,0,1,,0,1,0,2,0,0,0,0,0,0,,23,45,2,52,,,3,1,17,27,
12/09/2024,J,0,0,0,5,0,0,2,,1,0,2,2,0,4,0,0,0,0,,15,61,20,39,,,6,3,20,10,
13/09/2024,V,2,2,5,0,0,1,1,,1,0,2,2,0,2,0,0,0,0,,40,30,3,64,,,8,4,7,21,
14/09/2024,S,0,0,0,0,0,0,0,,0,2,2,0,0,0,0,0,0,0,,39,60,8,37,,,5,0,7,11,
15/09/2024,D,0,0,0,0,0,0,0,,1,2,2,0,0,2,0,0,0,0,,16,50,14,49,,,4,0,9,20,
16/09/2024,L,0,0,0,0,0,0,0,,1,1,2,2,0,4,0,0,0,0,,28,55,1,70,,,4,1,2,28,
17/09/2024,M,0,0,0,5,0,0,2,,1,2,1,0,0,4,0,0,0,0,,11,38,8,39,,,5,2,19,47,
18/09/2024,M,2,2,3,0,1,0,2,,1,2,1,2,0,4,0,0,0,0,,36,21,20,34,,,6,3,16,23,
19/09/2024,J,0,0,0,4,0,0,1,,1,0,2,0,0,2,0,0,0,0,,34,37,9,34,,,8,2,13,34,
20/09/2024,V,2,2,3,0,0,1,3,,1,0,2,0,8,2,0,0,0,0,,33,31,15,33,,,5,2,13,23,
21/09/2024,S,0,0,0,0,0,0,0,,1,1,0,1,0,4,0,0,0,0,,2,65,7,60,,,6,1,3,0,
22/09/2024,D,0,0,0,0,0,0,0,,1,1,2,0,0,2,0,0,0,0,,36,69,8,36,,,0,1,0,16,
23/09/2024,L,2,2,3,0,0,2,1,,0,2,2,1,0,4,0,0,0,0,,18,60,3,60,,,10,2,10,29,
24/09/2024,M,0,0,0,4,0,0,2,,0,1,0,1,0,4,0,0,0,0,,36,67,0,48,,,6,1,10,30,
25/09/2024,M,1,2,4,0,1,0,1,,1,2,2,0,0,0,0,0,0,0,,15,42,11,69,,,7,3,9,25,
26/09/2024,J,0,0,0,4,0,0,1,,1,1,2,0,0,2,0,0,0,0,,37,36,18,62,,,7,3,8,26,
27/09/2024,V,1,1,2,0,1,1,0,,1,0,0,1,0,4,0,0,0,0,,25,43,7,41,,,3,3,14,50,
28/09/2024,S,0,0,0,0,0,0,0,,1,1,2,1,0,4,0,0,0,0,,28,64,14,35,,,0,1,13,6,
29/09/2024,D,0,0,0,0,0,0,0,,1,1,2,0,0,2,0,0,0,0,,9,68,12,38,,,6,0,6,12,
30/09/2024,L,1,2,3,0,1,1,1,,1,0,2,0,0,0,0,0,0,0,,13,28,18,55,,,3,0,11,41,
01/10/2024,M,0,1,0,4,0,0,1,,1,0,2,0,0,4,0,0,0,0,,27,52,10,35,,,6,2,17,34,
02/10/2024,M,1,2,3,0,1,0,1,,0,2,2,2,0,0,0,0,0,0,,31,67,12,65,,,4,1,12,29,
03/10/2024,J,0,0,0,5,0,0,1,,1,1,2,1,0,4,0,0,0,0,,37,63,12,53,,,6,2,10,29,
04/10/2024,V,1,1,3,0,1,1,0,,1,0,2,0,30,4,0,0,0,0,,2,31,0,56,,,4,2,16,22,
05/10/2024,S,0,0,0,0,0,0,0,,1,1,1,0,0,4,0,0,0,0,,22,44,4,56,,,3,1,8,13,
06/10/2024,D,0,0,0,0,0,0,0,,1,1,2,0,0,2,0,0,0,0,,34,56,15,44,,,0,1,4,20,
07/10/2024,L,2,1,3,0,1,0,2,,1,1,2,0,0,4,0,0,0,0,,34,47,3,60,,,4,4,10,30,
08/10/2024,M,0,0,0,4,1,0,2,,1,0,1,0,9,2,0,0,0,0,,6,56,10,39,,,8,3,13,31,
09/10/2024,M,2,0,3,0,1,2,2,,1,1,2,0,0,0,0,0,0,0,,0,30,10,69,,,10,3,14,40,
10/10/2024,J,0,0,0,5,0,0,1,,1,2,1,2,0,0,0,0,0,0,,4,43,7,32,,,7,3,18,28,
11/10/2024,V,1,2,3,0,0,1,2,,1,0,2,1,0,2,0,0,0,0,,22,35,6,31,,,8,2,10,23,
12/10/2024,S,0,0,0,0,0,0,0,,0,2,0,0,20,4,0,0,0,0,,31,26,7,36,,,0,0,9,13,
13/10/2024,D,0,0,0,0,0,0,0,,1,1,2,1,9,0,0,0,0,0,,19,44,7,41,,,0,0,7,20,
14/10/2024,L,2,1,4,0,1,0,1,,1,0,0,0,9,0,0,0,0,0,,7,51,1,52,,,3,3,15,26,
15/10/2024,M,0,0,0,5,0,0,2,,0,2,1,1,0,0,0,0,0,0,,13,42,12,41,,,5,3,10,21,
16/10/2024,M,1,2,3,0,0,1,2,,1,0,0,0,21,4,0,0,0,0,,0,57,8,34,,,4,2,18,19,
17/10/2024,J,0,0,0,5,0,0,2,,1,0,1,2,29,0,0,0,0,0,,23,30,8,30,,,5,4,18,26,
18/10/2024,V,1,1,3,0,0,1,2,,0,1,2,1,0,4,0,0,0,0,,23,36,17,68,,,7,3,16,38,
19/10/2024,S,0,0,0,0,0,0,0,,1,1,0,0,30,2,0,0,0,0,,9,22,3,35,,,0,1,4,12,
20/10/2024,D,0,0,0,0,0,0,0,,1,1,2,1,2,4,0,0,0,0,,37,21,0,60,,,3,0,0,0,
21/10/2024,L,1,1,4,0,0,1,2,,1,1,1,0,0,0,0,0,0,0,,26,60,10,67,,,9,3,13,18,
22/10/2024,M,0,0,0,4,0,0,1,,0,2,2,2,6,0,0,0,0,0,,9,56,15,34,,,6,1,11,31,
23/10/2024,M,1,2,2,0,0,1,2,,1,2,2,2,0,4,0,0,0,0,,32,65,12,53,,,9,2,20,27,
24/10/2024,J,0,0,0,5,0,0,2,,1,0,0,0,0,0,0,0,0,0,,34,33,6,48,,,4,3,12,12,
25/10/2024,V,2,1,3,0,0,1,2,,0,0,0,1,0,4,0,0,0,0,,39,31,19,35,,,6,4,11,21,
26/10/2024,S,0,0,0,0,0,0,0,,1,1,1,0,0,2,0,0,0,0,,26,32,18,46,,,3,0,2,11,
27/10/2024,D,0,0,0,0,0,0,0,,1,1,1,1,0,0,0,0,0,0,,40,36,3,68,,,0,1,6,19,
28/10/2024,L,0,0,0,0,0,0,0,,0,0,2,1,0,0,0,0,0,0,,25,20,13,61,,,0,0,5,10,
29/10/2024,M,0,0,0,4,0,0,1,,1,0,0,2,0,0,0,0,0,0,,29,51,7,52,,,8,4,4,17,
30/10/2024,M,1,1,4,0,0,0,1,,1,2,1,2,0,4,0,0,0,0,,18,52,3,53,,,4,3,14,23,
31/10/2024,J,0,0,0,5,0,0,1,,0,2,2,1,0,4,0,0,0,0,,34,50,20,61,,,6,3,7,40,
01/11/2024,V,0,0,0,0,0,0,0,,1,2,2,0,0,4,0,0,0,0,,39,26,4,53,,,3,1,3,12,
02/11/2024,S,0,0,0,0,0,0,0,,0,0,2,0,0,4,0,0,0,0,,34,63,7,42,,,0,1,2,0,
03/11/2024,D,0,0,0,0,0,0,0,,1,2,0,1,0,2,0,0,0,0,,38,47,13,45,,,2,0,8,32,
04/11/2024,L,2,1,3,0,0,0,1,,1,0,1,0,0,2,0,0,0,0,,38,70,13,59,,,1,3,12,36,
05/11/2024,M,0,0,0,4,0,0,2,,1,2,2,0,0,0,0,0,0,0,,1,24,8,49,,,7,2,6,34,
06/11/2024,M,2,0,3,0,1,0,1,,1,2,1,0,0,4,0,0,0,0,,34,56,10,70,,,5,2,14,31,
07/11/2024,J,0,0,0,5,0,0,2,,0,1,2,0,30,0,0,0,0,0,,7,20,6,36,,,7,2,9,25,
08/11/2024,V,1,1,2,0,2,1,3,,1,2,0,1,8,0,0,0,0,0,,20,40,6,46,,,5,2,15,39,
09/11/2024,S,0,0,0,0,0,0,0,,1,2,0,1,0,4,0,0,0,0,,5,53,15,66,,,0,1,5,12,
10/11/2024,D,0,0,0,0,0,0,0,,1,2,1,0,0,4,0,0,0,0,,22,25,20,60,,,2,1,6,0,
11/11/2024,L,1,1,4,0,1,0,1,,1,1,2,0,0,4,0,0,0,0,,13,30,6,51,,,7,3,13,37,
12/11/2024,M,0,0,0,4,0,0,2,,0,0,2,0,0,2,0,0,0,0,,10,53,11,56,,,10,2,13,10,
13/11/2024,M,1,2,3,0,0,1,3,,0,1,1,1,0,0,0,0,0,0,,20,31,12,68,,,4,1,11,48,
14/11/2024,J,0,0,0,4,0,0,0,,1,0,2,0,3,2,0,0,0,0,,25,28,0,64,,,10,1,18,40,
15/11/2024,V,1,2,3,0,0,0,2,,1,0,2,1,0,4,0,0,0,0,,0,30,9,43,,,5,1,13,34,
16/11/2024,S,0,0,0,0,0,0,0,,1,2,0,1,10,2,0,0,0,0,,13,55,6,36,,,2,2,0,37,
17/11/2024,D,0,0,0,0,0,0,0,,1,2,1,0,0,4,0,0,0,0,,2,25,10,40,,,1,2,10,0,
18/11/2024,L,2,2,3,0,1,0,1,,1,2,1,0,0,2,0,0,0,0,,37,65,17,70,,,6,5,4,22,
19/11/2024,M,0,0,0,5,0,0,2,,1,2,0,0,1,4,0,0,0,0,,26,41,4,48,,,5,4,17,30,
20/11/2024,M,1,1,3,1,1,1,1,,1,0,2,0,24,4,0,0,0,0,,4,28,12,52,,,6,2,9,43,
21/11/2024,J,0,0,0,4,0,0,2,,0,0,2,0,2,2,0,0,0,0,,10,38,1,69,,,6,3,14,34,
22/11/2024,V,2,1,4,0,2,0,1,,1,0,1,0,0,2,0,0,0,0,,19,49,10,60,,,2,3,6,36,
23/11/2024,S,0,0,0,0,0,0,0,,1,1,2,1,0,4,0,0,0,0,,36,22,14,50,,,3,2,5,17,
24/11/2024,D,0,0,0,0,0,0,0,,1,1,1,0,0,2,0,0,0,0,,28,29,17,64,,,0,0,0,26,
25/11/2024,L,1,1,4,0,2,1,1,,1,0,2,0,0,2,0,0,0,0,,27,26,11,64,,,3,1,15,31,
26/11/2024,M,0,0,0,5,0,0,2,,1,1,0,1,0,2,0,0,0,0,,19,45,14,36,,,2,3,18,34,
27/11/2024,M,2,0,4,0,1,0,1,,1,0,2,1,0,4,0,0,0,0,,21,48,13,43,,,8,2,6,29,
28/11/2024,J,0,0,0,4,0,0,1,,1,1,2,1,0,4,0,0,0,0,,20,25,14,60,,,8,2,8,26,
29/11/2024,V,2,1,3,1,2,1,1,,1,2,1,1,0,4,0,0,0,0,,22,41,20,59,,,7,3,12,36,
30/11/2024,S,0,0,0,0,0,0,0,,1,0,2,0,0,0,0,0,0,0,,0,57,20,56,,,1,1,4,19,
01/12/2024,D,0,0,0,0,0,0,0,,1,0,0,0,0,4,0,0,0,0,,31,22,18,51,,,4,1,4,23,
02/12/2024,L,1,2,3,0,0,1,1,,0,1,2,0,30,2,0,0,0,0,,4,28,4,40,,,10,2,16,26,
03/12/2024,M,0,0,0,4,0,0,0,,1,2,0,1,0,0,0,0,0,0,,35,70,20,64,,,5,2,10,27,
04/12/2024,M,1,2,4,0,0,1,1,,1,2,1,1,0,0,0,0,0,0,,36,60,7,53,,,5,5,5,13,
05/12/2024,J,0,0,0,5,0,0,1,,1,1,0,1,6,4,0,0,0,0,,22,32,2,58,,,7,2,14,33,
06/12/2024,V,1,2,5,0,0,0,1,,1,2,2,0,0,4,0,0,0,0,,38,52,7,61,,,10,2,8,35,
07/12/2024,S,0,0,0,0,0,0,0,,1,0,0,0,0,2,0,0,0,0,,16,33,15,56,,,4,1,1,0,
08/12/2024,D,0,0,0,0,0,0,0,,1,1,2,1,0,2,0,0,0,0,,40,66,13,30,,,5,0,9,11,
09/12/2024,L,1,1,4,0,0,0,1,,1,0,2,1,0,0,0,0,0,0,,4,66,3,61,,,4,4,6,30,
10/12/2024,M,0,0,0,4,0,0,3,,1,0,2,2,0,0,0,0,0,0,,3,69,6,60,,,7,1,12,28,
11/12/2024,M,2,1,4,0,0,1,1,,0,0,2,0,0,2,0,0,0,0,,8,34,8,36,,,7,0,3,40,
12/12/2024,J,0,0,0,5,0,0,1,,0,2,0,2,0,4,0,0,0,0,,22,32,0,58,,,4,3,13,18,
13/12/2024,V,2,2,3,0,0,1,1,,1,1,0,0,0,4,0,0,0,0,,23,25,16,57,,,3,1,8,30,
14/12/2024,S,0,0,0,0,0,0,0,,1,2,2,0,0,4,0,0,0,0,,20,42,8,30,,,4,0,9,0,
15/12/2024,D,0,0,0,0,0,0,0,,1,1,1,0,0,2,0,0,0,0,,4,60,19,34,,,2,0,0,1,
16/12/2024,L,1,0,5,0,0,0,2,,1,0,2,1,0,2,0,0,0,0,,11,60,17,63,,,5,1,8,17,
17/12/2024,M,0,0,0,0,0,0,0,,1,0,2,0,0,2,0,0,0,0,,13,66,6,36,,,0,1,5,25,
18/12/2024,M,1,1,3,0,1,1,1,,1,1,1,2,0,0,0,0,0,0,,29,34,20,44,,,8,4,12,34,
19/12/2024,J,0,0,0,4,0,1,1,,1,1,2,1,0,0,0,0,0,0,,17,66,19,42,,,5,2,7,35,
20/12/2024,V,2,1,4,0,1,0,2,,1,1,1,1,13,0,0,0,0,0,,23,38,2,44,,,6,3,20,41,
21/12/2024,S,0,0,0,0,0,0,0,,1,2,2,1,0,2,0,0,0,0,,35,69,15,43,,,2,0,0,34,
22/12/2024,D,0,0,0,0,0,0,0,,1,0,2,1,12,0,0,0,0,0,,28,22,9,49,,,4,1,0,13,
23/12/2024,L,2,1,4,0,1,1,2,,0,1,1,1,0,2,0,0,0,0,,30,29,16,63,,,8,2,8,34,
24/12/2024,M,0,0,0,5,0,0,1,,1,2,1,1,0,0,0,0,0,0,,30,36,14,48,,,8,3,17,16,
25/12/2024,M,0,0,0,0,0,0,0,,1,2,2,1,0,0,0,0,0,0,,27,27,9,54,,,2,1,2,0,
26/12/2024,J,0,0,0,4,0,0,2,,1,0,0,2,0,2,0,0,0,0,,19,47,2,30,,,3,2,10,28,
27/12/2024,V,1,2,4,0,0,0,1,,1,2,0,2,0,2,0,0,0,0,,9,23,2,54,,,6,3,11,20,
28/12/2024,S,0,0,0,0,0,0,0,,1,0,2,0,0,0,0,0,0,0,,26,37,9,70,,,1,0,9,28,
29/12/2024,D,0,0,0,0,0,0,0,,1,0,2,1,0,2,0,0,0,0,,40,21,18,45,,,2,1,12,15,
30/12/2024,L,2,1,4,0,1,1,0,,0,2,1,0,0,4,0,0,0,0,,9,70,3,39,,,1,2,8,34,
31/12/2024,M,0,0,0,4,0,0,1,,1,1,1,1,0,0,0,0,0,0,,17,68,14,68,,,7,3,9,24,
01/01/2025,M,0,0,0,4,0,0,2,,1,1,2,0,0,2,0,0,0,0,,30,49,15,31,,,5,3,20,19,
02/01/2025,J,2,0,0,0,0,0,3,,1,1,0,1,0,4,0,0,0,0,,10,67,15,53,,,3,0,3,0,
03/01/2025,V,0,2,0,0,0,1,2,,1,1,1,1,0,4,0,0,0,0,,40,26,14,49,,,5,2,14,7,
04/01/2025,S,0,0,0,0,0,0,0,,1,2,2,1,0,2,0,0,0,0,,30,21,12,60,,,2,1,9,11,
05/01/2025,D,0,0,0,0,0,0,0,,1,0,0,0,0,0,0,0,0,0,,7,22,18,70,,,1,1,0,16,
06/01/2025,L,1,0,2,0,0,0,2,,1,0,1,1,2,2,0,0,0,0,,6,41,13,58,,,4,1,13,28,
07/01/2025,M,0,1,0,0,0,0,0,,1,2,0,0,1,2,0,0,0,0,,21,25,10,63,,,5,2,17,37,
08/01/2025,M,0,0,0,4,0,0,1,,1,1,1,0,0,4,0,0,0,0,,22,24,11,65,,,5,1,13,26,
09/01/2025,J,2,0,3,0,0,0,1,,1,0,2,0,17,4,0,0,0,0,,2,62,9,30,,,5,2,8,28,
10/01/2025,V,0,0,0,0,0,0,0,,1,0,0,2,0,2,0,0,0,0,,9,70,9,43,,,4,0,4,6,
11/01/2025,S,0,0,0,0,0,0,0,,1,1,1,0,0,2,0,0,0,0,,25,27,8,58,,,4,0,3,11,
12/01/2025,D,0,0,0,0,0,0,0,,1,2,1,0,0,2,0,0,0,0,,18,65,13,66,,,2,0,3,11,
13/01/2025,L,2,0,3,0,0,0,0,,0,2,2,2,0,0,0,0,0,0,,27,22,5,52,,,5,2,10,38,
14/01/2025,M,0,1,0,0,0,0,1,,1,0,1,0,0,0,0,0,0,0,,27,67,2,45,,,4,2,11,21,
15/01/2025,M,0,0,1,4,0,0,1,,1,2,2,1,0,4,0,0,0,0,,32,21,15,51,,,8,2,10,26,
16/01/2025,J,2,0,1,0,1,1,1,,1,1,2,1,0,4,0,0,0,0,,29,49,9,61,,,9,3,19,23,
17/01/2025,V,0,2,0,0,0,0,0,,1,2,0,1,0,2,0,0,0,0,,0,51,8,46,,,8,4,9,23,
18/01/2025,S,0,0,0,0,0,0,0,,1,2,2,2,0,4,0,0,0,0,,33,66,15,68,,,0,0,0,14,
19/01/2025,D,0,0,0,0,0,0,0,,1,1,2,1,0,2,0,0,0,0,,38,27,14,48,,,5,1,6,18,
20/01/2025,L,1,0,2,0,0,0,2,,1,0,1,1,0,4,0,0,0,0,,34,53,5,60,,,5,2,8,30,
21/01/2025,M,0,2,0,0,0,0,2,,1,1,2,1,0,0,0,0,0,0,,30,30,18,56,,,5,3,9,41,
22/01/2025,M,0,0,0,5,0,0,2,,1,2,1,0,0,4,0,0,0,0,,5,54,19,33,,,7,2,11,18,
23/01/2025,J,2,0,3,0,0,0,1,,1,2,2,0,0,2,0,0,0,0,,33,60,17,48,,,5,2,13,44,
24/01/2025,V,0,2,0,0,0,1,1,,1,1,1,1,0,0,0,0,0,0,,37,32,8,57,,,4,1,10,34,
25/01/2025,S,0,0,0,0,0,0,0,,1,1,0,2,0,4,0,0,0,0,,7,29,14,70,,,0,1,5,9,
26/01/2025,D,0,0,0,0,0,0,0,,1,0,2,0,30,0,0,0,0,0,,10,26,1,44,,,2,2,0,0,
27/01/2025,L,2,0,2,0,0,0,2,,1,0,2,0,0,4,0,0,0,0,,5,68,16,54,,,4,3,13,47,
28/01/2025,M,1,1,1,0,0,0,0,,1,1,2,0,0,4,0,0,0,0,,14,36,18,57,,,9,4,8,40,
29/01/2025,M,0,0,1,5,0,0,2,,1,2,0,1,0,4,0,0,0,0,,31,44,18,42,,,10,3,13,35,
30/01/2025,J,2,0,2,0,1,0,1,,0,1,2,1,0,4,0,0,0,0,,31,36,3,62,,,7,1,7,41,
31/01/2025,V,1,1,0,0,0,1,1,,1,0,1,2,0,2,0,0,0,0,,20,45,18,65,,,5,4,13,37,
01/02/2025,S,0,0,0,0,0,0,0,,0,1,1,1,0,2,0,0,0,0,,25,20,3,34,,,4,2,6,0,
02/02/2025,D,0,0,0,0,0,0,0,,0,1,1,2,0,2,0,0,0,0,,9,20,1,51,,,1,0,6,16,
03/02/2025,L,0,0,0,0,0,0,0,,1,2,1,0,0,0,0,0,0,0,,17,65,10,31,,,0,0,3,11,
04/02/2025,M,0,1,0,0,0,0,2,,1,0,2,1,0,0,0,0,0,0,,10,23,10,38,,,9,3,10,12,
05/02/2025,M,0,0,0,5,0,0,3,,1,1,2,1,0,4,0,0,0,0,,25,69,10,42,,,4,0,0,0,
06/02/2025,J,1,0,2,1,0,0,2,,1,1,1,0,0,0,0,0,0,0,,27,32,12,39,,,7,3,8,32,
07/02/2025,V,0,1,0,0,0,1,1,,1,2,2,1,21,2,0,0,0,0,,36,22,7,34,,,7,3,8,28,
08/02/2025,S,0,0,0,0,0,0,0,,0,1,2,0,0,4,0,0,0,0,,5,70,3,32,,,5,0,4,0,
09/02/2025,D,0,0,0,0,0,0,0,,0,1,2,2,0,4,0,0,0,0,,22,40,7,68,,,0,1,0,10,
10/02/2025,L,1,0,3,0,1,0,2,,1,1,1,1,0,0,0,0,0,0,,35,37,14,60,,,4,1,11,29,
11/02/2025,M,0,2,0,0,0,1,1,,1,1,2,2,0,0,0,0,0,0,,34,29,16,59,,,9,2,20,36,
12/02/2025,M,0,0,0,4,0,0,2,,1,1,2,2,0,2,0,0,0,0,,21,53,2,42,,,6,1,7,25,
13/02/2025,J,2,1,3,1,1,0,2,,1,2,2,1,0,2,0,0,0,0,,13,55,8,35,,,2,4,10,28,
14/02/2025,V,0,1,0,0,0,0,2,,1,1,1,1,0,4,0,0,0,0,,23,52,16,65,,,5,1,15,22,
15/02/2025,S,0,0,0,0,0,0,0,,1,2,1,1,0,0,0,0,0,0,,39,65,8,54,,,4,1,4,10,
16/02/2025,D,0,0,0,0,0,0,0,,1,2,1,1,0,4,0,0,0,0,,0,37,3,56,,,3,1,6,7,
17/02/2025,L,0,0,0,0,0,0,0,,1,0,2,1,0,2,0,0,0,0,,12,59,20,31,,,0,1,9,13,
18/02/2025,M,0,1,0,0,0,1,2,,1,1,2,1,6,0,0,0,0,0,,11,35,5,63,,,5,3,8,19,
19/02/2025,M,1,0,0,4,0,0,2,,1,1,1,1,26,4,0,0,0,0,,1,50,0,43,,,8,4,4,15,
20/02/2025,J,2,0,3,0,1,0,1,,1,0,2,2,0,0,0,0,0,0,,31,35,10,51,,,5,4,12,44,
21/02/2025,V,0,2,0,0,0,0,2,,0,0,2,2,0,0,0,0,0,0,,1,42,10,42,,,4,2,14,34,
22/02/2025,S,0,0,0,0,0,0,0,,0,0,2,1,3,4,0,0,0,0,,9,42,14,52,,,4,0,12,24,
23/02/2025,D,0,0,0,0,0,0,0,,1,1,1,1,0,0,0,0,0,0,,12,69,9,30,,,0,1,4,0,
24/02/2025,L,1,0,2,0,1,0,2,,1,1,0,0,0,0,0,0,0,0,,11,55,19,53,,,9,3,13,35,
25/02/2025,M,0,1,0,0,0,1,1,,1,0,2,2,0,0,0,0,0,0,,8,60,16,48,,,7,1,12,30,
26/02/2025,M,0,1,0,5,0,0,2,,0,2,2,1,0,4,0,0,0,0,,8,54,4,38,,,8,3,6,41,
27/02/2025,J,2,0,2,0,0,0,0,,1,1,2,0,0,4,0,0,0,0,,26,46,6,50,,,3,5,13,28,
28/02/2025,V,0,2,0,0,0,0,2,,1,0,2,1,0,4,0,0,0,0,,1,42,6,39,,,5,2,8,25,
01/03/2025,S,0,0,0,0,0,0,0,,1,2,0,2,0,2,0,0,0,0,,17,69,16,51,,,2,0,5,16,
02/03/2025,D,0,0,0,0,0,0,0,,1,2,1,2,0,0,0,0,0,0,,34,67,10,52,,,2,1,6,24,
03/03/2025,L,1,0,3,0,2,0,1,,1,1,2,0,0,4,0,0,0,0,,24,20,18,44,,,5,1,11,32,
04/03/2025,M,0,2,0,0,0,1,3,,1,0,2,1,0,0,0,0,0,0,,21,63,18,50,,,5,4,6,18,
05/03/2025,M,0,0,0,5,0,0,2,,1,1,1,1,0,4,0,0,0,0,,6,52,2,68,,,3,2,13,35,
06/03/2025,J,2,0,2,0,1,0,2,,1,2,2,0,0,0,0,0,0,0,,9,34,15,67,,,5,2,9,40,
07/03/2025,V,0,2,0,0,0,0,2,,1,1,2,0,0,4,0,0,0,0,,17,46,7,35,,,5,3,8,38,
08/03/2025,S,0,0,0,0,0,0,0,,1,1,0,1,0,4,0,0,0,0,,40,27,13,57,,,2,0,5,18,
09/03/2025,D,0,0,0,0,0,0,0,,1,0,0,0,0,0,0,0,0,0,,9,50,11,40,,,0,1,6,3,
10/03/2025,L,2,0,1,0,1,0,2,,0,0,2,1,0,0,0,0,0,0,,3,65,16,57,,,8,3,20,26,
11/03/2025,M,0,1,0,0,0,0,0,,1,1,1,0,0,2,0,0,0,0,,8,38,19,59,,,5,3,10,50,
12/03/2025,M,0,0,0,4,0,0,2,,1,2,2,1,0,4,0,0,0,0,,36,52,19,51,,,9,4,13,39,
13/03/2025,J,1,0,1,0,0,0,2,,1,2,2,0,10,0,0,0,0,0,,13,26,16,55,,,8,1,15,32,
14/03/2025,V,0,1,0,0,0,1,2,,1,0,0,2,0,2,0,0,0,0,,37,21,18,55,,,4,2,10,9,
15/03/2025,S,0,0,0,0,0,0,0,,1,0,0,2,0,4,0,0,0,0,,35,26,4,58,,,1,0,13,19,
16/03/2025,D,0,0,0,0,0,0,0,,0,2,0,1,0,0,0,0,0,0,,0,56,20,30,,,0,2,0,24,
17/03/2025,L,0,0,0,0,0,0,0,,1,2,2,2,0,2,0,0,0,0,,29,21,7,43,,,3,1,2,14,
18/03/2025,M,0,0,0,0,0,0,0,,1,1,1,1,15,4,0,0,0,0,,21,42,3,39,,,3,0,0,3,
19/03/2025,M,0,0,0,5,0,0,2,,0,1,1,0,0,2,0,0,0,0,,26,35,15,69,,,2,4,12,27,
20/03/2025,J,1,0,2,0,0,0,2,,1,0,1,0,0,2,0,0,0,0,,39,59,7,31,,,5,3,10,7,
21/03/2025,V,0,2,0,0,0,0,2,,1,1,0,1,0,0,0,0,0,0,,1,20,17,36,,,7,4,12,13,
22/03/2025,S,0,0,0,0,0,0,0,,0,0,2,0,5,0,0,0,0,0,,23,29,11,52,,,3,2,9,5,
23/03/2025,D,0,0,0,0,0,0,0,,1,1,2,0,0,2,0,0,0,0,,8,63,19,38,,,4,0,0,22,
24/03/2025,L,1,0,4,0,0,0,2,,1,1,0,0,0,2,0,0,0,0,,25,20,3,68,,,5,2,12,24,
25/03/2025,M,0,1,0,0,0,0,1,,1,0,1,1,0,4,0,0,0,0,,20,67,16,31,,,4,4,9,28,
26/03/2025,M,1,0,0,5,1,0,1,,1,1,2,1,0,4,0,0,0,0,,40,63,5,48,,,4,2,11,32,
27/03/2025,J,0,0,0,0,0,0,0,,1,1,1,2,0,4,0,0,0,0,,8,63,4,63,,,3,0,8,20,
28/03/2025,V,0,2,0,0,0,0,1,,1,2,2,2,0,0,0,0,0,0,,38,52,19,62,,,9,3,20,20,
29/03/2025,S,0,0,0,0,0,0,0,,1,2,1,1,0,2,0,0,0,0,,39,26,10,50,,,1,0,2,20,
30/03/2025,D,0,0,0,0,0,0,0,,1,2,1,1,0,4,0,0,0,0,,2,20,14,49,,,1,0,1,23,
31/03/2025,L,1,0,3,0,1,0,3,,1,0,2,1,0,0,0,0,0,0,,14,63,11,37,,,7,1,6,9,
01/04/2025,M,0,1,0,0,0,1,2,,1,1,2,1,0,2,0,0,0,0,,26,40,17,33,,,4,3,12,19,
02/04/2025,M,0,0,0,5,0,0,1,,0,0,1,0,0,4,0,0,0,0,,17,50,5,31,,,6,3,15,50,
03/04/2025,J,2,0,3,0,1,0,1,,1,2,2,0,20,0,0,0,0,0,,11,37,13,39,,,4,2,16,38,
04/04/2025,V,0,1,0,0,0,1,1,,0,2,0,1,0,0,0,0,0,0,,3,47,3,45,,,4,3,10,46,
05/04/2025,S,0,0,0,0,0,0,0,,1,1,0,1,20,4,0,0,0,0,,10,32,2,56,,,0,0,9,16,
06/04/2025,D,0,0,0,0,0,0,0,,1,2,2,1,24,2,0,0,0,0,,5,29,4,58,,,2,0,0,22,
07/04/2025,L,1,0,3,0,0,0,1,,0,1,1,1,0,4,0,0,0,0,,32,38,15,59,,,5,3,8,0,
08/04/2025,M,0,1,0,1,0,2,2,,1,2,1,1,0,4,0,0,0,0,,24,61,12,60,,,5,1,11,35,
09/04/2025,M,0,0,0,5,0,0,1,,0,1,0,1,8,4,0,0,0,0,,39,31,3,39,,,10,2,9,28,
10/04/2025,J,2,0,3,0,0,0,1,,1,0,2,1,0,2,0,0,0,0,,38,56,6,50,,,3,3,20,27,
11/04/2025,V,0,1,0,0,0,1,1,,1,1,1,1,30,0,0,0,0,0,,4,24,13,35,,,5,3,15,33,
12/04/2025,S,0,0,0,0,0,0,0,,1,2,2,2,0,0,0,0,0,0,,18,59,5,33,,,3,1,6,9,
13/04/2025,D,0,0,0,0,0,0,0,,1,1,1,0,0,4,0,0,0,0,,34,38,20,41,,,2,0,1,16,
14/04/2025,L,0,0,0,0,0,0,0,,0,0,1,2,0,2,0,0,0,0,,33,30,15,56,,,2,1,1,2,
15/04/2025,M,0,1,0,0,0,2,1,,1,1,1,1,0,0,0,0,0,0,,3,49,8,46,,,3,1,10,46,
16/04/2025,M,0,0,0,0,0,0,0,,1,0,2,0,0,2,0,0,0,0,,10,57,15,51,,,5,2,6,20,
17/04/2025,J,2,0,2,0,1,0,2,,1,1,0,0,0,0,0,0,0,0,,28,40,2,34,,,6,2,6,36,
18/04/2025,V,0,2,0,0,0,1,1,,0,1,2,0,0,4,0,0,0,0,,27,43,14,68,,,6,3,17,37,
19/04/2025,S,0,0,0,0,0,0,0,,1,1,1,0,0,0,0,0,0,0,,33,40,12,54,,,3,1,4,9,
20/04/2025,D,0,0,0,0,0,0,0,,0,0,2,1,0,4,0,0,0,0,,27,30,19,61,,,4,0,9,8,
21/04/2025,L,1,0,3,0,0,1,1,,1,1,2,1,30,0,0,0,0,0,,4,30,5,33,,,8,3,18,28,
22/04/2025,M,0,2,0,0,0,1,2,,1,1,0,1,0,2,0,0,0,0,,24,60,20,39,,,6,1,10,17,
23/04/2025,M,0,0,0,4,0,0,2,,1,2,2,1,0,4,0,0,0,0,,18,62,14,45,,,7,2,9,44,
24/04/2025,J,0,0,5,0,0,0,2,,0,1,2,0,0,0,0,0,0,0,,2,48,20,59,,,0,0,6,12,
25/04/2025,V,0,2,1,0,0,1,3,,0,1,0,2,0,4,0,0,0,0,,28,65,0,53,,,5,3,10,35,
26/04/2025,S,0,0,0,0,0,0,0,,1,1,0,0,0,0,0,0,0,0,,39,57,2,58,,,4,2,8,6,
27/04/2025,D,0,0,0,0,0,0,0,,0,0,1,2,0,4,0,0,0,0,,0,41,14,49,,,4,0,3,11,
28/04/2025,L,0,0,2,0,0,0,1,,0,2,1,1,0,2,0,0,0,0,,20,67,11,42,,,5,1,14,20,
29/04/2025,M,0,2,0,0,0,0,2,,1,1,0,2,0,2,0,0,0,0,,30,60,7,59,,,5,1,12,42,
30/04/2025,M,0,0,0,4,0,0,1,,1,1,2,0,0,0,0,0,0,0,,37,23,4,50,,,5,2,10,35,
01/05/2025,J,2,0,3,0,1,0,2,,1,1,1,2,0,4,0,0,0,0,,39,68,14,65,,,2,2,12,28,
02/05/2025,V,0,1,0,0,1,0,1,,1,1,1,0,0,4,0,0,0,0,,32,52,14,69,,,10,2,7,24,
03/05/2025,S,0,0,0,0,0,0,0,,1,1,2,1,10,0,0,0,0,0,,28,31,2,49,,,0,0,0,24,
04/05/2025,D,0,0,0,0,0,0,0,,1,2,1,0,0,2,0,0,0,0,,20,43,12,58,,,0,2,6,6,
05/05/2025,L,1,0,1,0,1,0,2,,1,1,2,0,0,0,0,0,0,0,,29,28,3,68,,,4,4,8,22,
06/05/2025,M,0,2,0,0,0,0,2,,1,2,2,1,28,0,0,0,0,0,,7,21,20,44,,,5,2,10,27,
07/05/2025,M,0,0,0,4,0,0,1,,1,0,0,2,0,2,0,0,0,0,,6,46,18,70,,,6,3,20,28,
08/05/2025,J,2,0,3,0,0,0,2,,1,0,1,1,0,2,0,0,0,0,,28,68,14,35,,,9,3,11,28,
09/05/2025,V,0,2,0,0,0,0,1,,0,0,1,1,0,4,0,0,0,0,,25,25,2,35,,,5,3,11,25,
10/05/2025,S,0,0,0,0,0,0,0,,1,1,2,0,0,4,0,0,0,0,,10,44,13,36,,,2,1,9,24,
11/05/2025,D,0,0,0,0,0,0,0,,1,1,0,1,0,4,0,0,0,0,,37,22,9,55,,,5,0,0,14,
12/05/2025,L,1,0,3,0,1,0,1,,1,0,0,0,0,4,0,0,0,0,,1,23,3,61,,,7,4,10,34,
13/05/2025,M,0,1,0,0,0,1,2,,1,1,0,2,0,0,0,0,0,0,,38,35,0,47,,,10,2,13,23,
14/05/2025,M,0,0,0,4,0,0,2,,1,2,1,2,13,0,0,0,0,0,,22,27,18,40,,,7,2,13,24,
15/05/2025,J,2,0,3,0,0,0,2,,1,1,2,0,3,2,0,0,0,0,,13,21,17,66,,,7,3,20,33,
16/05/2025,V,0,2,0,0,0,0,2,,0,1,2,1,0,4,0,0,0,0,,12,55,12,46,,,3,2,17,23,
17/05/2025,S,0,0,0,0,0,0,0,,1,2,1,0,0,2,0,0,0,0,,35,46,19,62,,,1,1,3,0,
18/05/2025,D,0,0,0,0,0,0,0,,0,0,1,2,0,0,0,0,0,0,,19,51,11,45,,,6,1,5,11,
19/05/2025,L,1,0,3,0,0,0,2,,0,2,2,1,0,2,0,0,0,0,,33,50,10,53,,,7,3,13,17,
20/05/2025,M,0,2,0,0,0,1,0,,0,0,2,0,0,2,0,0,0,0,,2,32,12,70,,,4,1,9,28,
21/05/2025,M,0,0,0,5,0,0,1,,1,1,1,0,0,2,0,0,0,0,,20,45,1,43,,,7,4,19,37,
22/05/2025,J,2,1,2,0,1,0,2,,1,2,2,2,30,2,0,0,0,0,,6,31,2,46,,,7,3,13,11,
23/05/2025,V,0,2,0,0,0,0,1,,0,0,2,1,0,0,0,0,0,0,,39,22,17,36,,,8,4,7,29,
24/05/2025,S,0,0,0,0,0,0,0,,1,0,0,1,0,2,0,0,0,0,,38,51,2,59,,,1,0,5,16,
25/05/2025,D,0,0,0,0,0,0,0,,1,2,1,2,0,4,0,0,0,0,,31,31,10,46,,,3,1,3,14,
26/05/2025,L,0,0,0,0,0,0,0,,1,0,2,0,0,4,0,0,0,0,,21,65,6,62,,,1,2,0,4,
27/05/2025,M,0,2,0,0,0,0,1,,0,0,1,0,0,0,0,0,0,0,,6,48,7,37,,,6,1,14,31,
28/05/2025,M,0,0,0,5,0,0,2,,1,0,1,0,0,2,0,0,0,0,,23,63,0,65,,,4,2,5,37,
29/05/2025,J,1,0,2,0,1,0,2,,0,1,2,0,0,4,0,0,0,0,,3,62,13,42,,,5,2,17,27,
30/05/2025,V,0,1,0,0,0,0,1,,1,2,2,0,13,0,0,0,0,0,,9,30,13,55,,,4,3,16,29,
31/05/2025,S,0,0,0,0,0,0,0,,1,2,2,1,0,0,0,0,0,0,,21,48,8,55,,,0,0,12,0,
01/06/2025,D,0,0,0,0,0,0,0,,1,1,1,1,0,0,0,0,0,0,,40,23,13,32,,,0,0,2,6,
02/06/2025,L,0,0,0,0,0,0,0,,0,0,0,1,0,2,0,0,0,0,,12,31,20,49,,,0,0,6,0,
03/06/2025,M,0,2,0,0,0,0,1,,1,2,2,0,0,4,0,0,0,0,,33,66,0,35,,,4,2,6,41,
04/06/2025,M,0,0,0,3,1,0,2,,0,1,1,1,0,2,0,0,0,0,,27,53,2,68,,,3,2,14,48,
05/06/2025,J,1,0,4,0,1,0,1,,1,1,0,1,0,4,0,0,0,0,,22,45,11,56,,,6,2,11,30,
06/06/2025,V,0,1,0,0,0,1,2,,0,1,1,2,30,2,0,0,0,0,,22,21,9,35,,,3,2,16,33,
07/06/2025,S,0,0,0,0,0,0,0,,1,0,1,1,0,2,0,0,0,0,,20,59,5,44,,,4,0,4,23,
08/06/2025,D,0,0,0,0,0,0,0,,1,2,2,0,0,2,0,0,0,0,,21,27,18,67,,,4,2,10,3,
09/06/2025,L,1,0,3,0,0,0,1,,1,2,1,0,0,0,0,0,0,0,,1,54,12,64,,,8,4,12,23,
10/06/2025,M,0,1,0,0,0,1,2,,1,1,2,1,0,4,0,0,0,0,,15,55,5,60,,,6,1,9,46,
11/06/2025,M,2,0,0,4,0,0,2,,0,1,2,2,14,2,0,0,0,0,,0,58,16,32,,,4,2,11,17,
12/06/2025,J,2,0,3,0,1,0,2,,1,0,0,2,0,0,0,0,0,0,,37,69,13,33,,,7,1,8,40,
13/06/2025,V,0,2,0,0,0,0,2,,0,1,2,0,0,2,0,0,0,0,,33,32,13,67,,,2,1,4,27,
14/06/2025,S,0,0,0,0,0,0,0,,1,2,2,2,0,4,0,0,0,0,,37,41,3,48,,,0,0,9,2,
15/06/2025,D,0,0,0,0,0,0,0,,1,1,1,0,0,2,0,0,0,0,,36,62,8,48,,,2,1,4,15,
16/06/2025,L,2,0,3,0,2,0,1,,1,1,1,0,0,0,0,0,0,0,,14,48,10,47,,,6,3,9,34,
17/06/2025,M,0,1,0,0,0,2,1,,1,2,2,2,0,4,0,0,0,0,,12,51,7,36,,,6,4,14,19,
18/06/2025,M,0,0,0,4,0,0,2,,1,2,0,1,0,4,0,0,0,0,,4,63,6,64,,,5,3,5,43,
19/06/2025,J,1,0,2,0,0,0,2,,1,0,2,2,0,4,0,0,0,0,,1,55,5,52,,,6,2,16,34,
20/06/2025,V,0,1,0,0,0,0,2,,1,1,1,2,0,2,0,0,0,0,,2,62,14,48,,,8,2,9,34,
21/06/2025,S,0,0,0,0,0,0,0,,1,0,2,0,0,0,0,0,0,0,,31,27,0,44,,,2,2,4,14,
22/06/2025,D,0,0,0,0,0,0,0,,1,1,1,2,14,4,0,0,0,0,,32,33,4,37,,,1,1,3,15,
23/06/2025,L,0,0,0,0,0,0,0,,1,0,2,0,2,4,0,0,0,0,,31,43,5,39,,,5,1,0,10,
24/06/2025,M,0,2,0,0,0,0,1,,1,0,2,0,0,2,0,0,0,0,,29,50,2,37,,,5,2,13,33,
25/06/2025,M,0,0,0,5,0,0,1,,1,1,1,1,0,2,0,0,0,0,,27,22,3,37,,,8,4,12,28,
26/06/2025,J,2,0,2,0,1,0,2,,1,0,1,1,30,0,0,0,0,0,,1,31,13,36,,,6,4,10,36,
27/06/2025,V,0,2,0,0,0,0,2,,0,0,1,1,0,2,0,0,0,0,,16,58,9,33,,,6,2,17,30,
28/06/2025,S,0,0,0,0,0,0,0,,1,1,2,1,0,0,0,0,0,0,,21,53,7,57,,,4,0,0,2,
29/06/2025,D,0,0,0,0,0,0,0,,1,0,0,0,0,4,0,0,0,0,,36,63,0,38,,,6,1,10,7,
30/06/2025,L,2,0,2,0,0,0,1,,1,0,2,1,0,4,0,0,0,0,,7,53,6,61,,,5,2,13,18,
01/07/2025,M,0,2,0,0,0,1,2,,1,1,1,0,5,0,0,0,0,0,,28,49,2,36,,,1,3,12,13,
02/07/2025,M,0,0,0,5,0,0,2,,1,1,2,1,0,4,0,0,0,0,,34,63,14,69,,,4,3,8,28,
03/07/2025,J,1,0,2,0,2,0,2,,1,1,0,1,0,2,0,0,0,0,,3,59,7,67,,,4,2,10,26,
04/07/2025,V,0,2,0,0,0,1,1,,1,0,2,0,0,2,0,0,0,0,,0,69,19,35,,,7,2,18,29,
05/07/2025,S,0,0,0,0,0,0,0,,1,1,2,0,0,4,0,0,0,0,,13,62,15,49,,,5,3,7,6,
06/07/2025,D,0,0,0,0,0,0,0,,1,1,2,2,17,2,0,0,0,0,,36,21,6,40,,,1,2,8,28,
07/07/2025,L,1,0,2,0,0,0,2,,1,1,0,2,0,2,0,0,0,0,,7,20,5,40,,,7,3,17,29,
08/07/2025,M,0,1,0,0,0,1,0,,1,2,1,0,0,4,0,0,0,0,,15,69,19,69,,,2,4,8,44,
09/07/2025,M,0,0,0,4,0,0,1,,1,1,2,1,0,0,0,0,0,0,,35,56,5,44,,,4,3,6,0,
10/07/2025,J,2,0,2,0,0,0,1,,1,1,2,1,0,2,0,0,0,0,,23,49,17,43,,,6,1,13,41,
11/07/2025,V,0,0,0,0,1,0,3,,1,0,1,1,0,4,0,0,0,0,,5,35,2,49,,,5,2,9,12,
12/07/2025,S,0,0,0,0,0,0,0,,1,1,2,1,19,4,0,0,0,0,,16,47,0,38,,,3,1,6,15,
13/07/2025,D,0,0,0,0,0,0,0,,1,1,1,1,6,4,0,0,0,0,,31,24,13,46,,,2,0,7,1,
14/07/2025,L,1,0,3,0,2,0,0,,1,0,0,1,0,2,0,0,0,0,,28,61,2,38,,,4,2,12,38,
15/07/2025,M,0,1,0,0,0,1,1,,1,2,2,0,0,4,0,0,0,0,,15,47,0,46,,,7,1,11,33,
16/07/2025,M,0,0,0,4,0,0,1,,1,1,2,1,0,4,0,0,0,0,,32,57,19,43,,,6,1,12,17,
17/07/2025,J,2,0,3,0,0,0,0,,0,2,2,1,0,4,0,0,0,0,,16,60,10,34,,,6,3,15,36,
18/07/2025,V,0,1,0,0,0,0,1,,1,0,2,1,0,4,0,0,0,0,,1,55,18,67,,,6,1,13,30,
19/07/2025,S,0,0,0,0,0,0,0,,1,2,2,2,0,0,0,0,0,0,,17,54,12,43,,,2,0,7,0,
20/07/2025,D,0,0,0,0,0,0,0,,1,1,0,0,0,2,0,0,0,0,,6,28,3,52,,,1,0,2,9,
21/07/2025,L,1,0,2,0,1,0,1,,0,0,1,2,0,4,0,0,0,0,,36,46,4,44,,,7,2,13,50,
22/07/2025,M,0,1,0,0,0,0,2,,1,2,0,1,0,4,0,0,0,0,,20,63,1,45,,,6,5,14,20,
23/07/2025,M,0,0,0,4,0,0,1,,0,1,2,0,5,2,0,0,0,0,,35,35,12,33,,,3,2,15,23,
24/07/2025,J,2,0,3,0,0,0,0,,1,0,2,1,0,4,0,0,0,0,,37,39,1,33,,,8,3,14,18,
25/07/2025,V,0,1,0,0,0,1,1,,1,1,2,0,0,2,0,0,0,0,,27,60,7,70,,,5,3,9,20,
26/07/2025,S,0,0,0,0,0,0,0,,1,0,0,2,0,2,0,0,0,0,,21,33,19,30,,,3,1,0,16,
27/07/2025,D,0,0,0,0,0,0,0,,1,0,2,0,0,2,0,0,0,0,,19,50,2,38,,,5,2,0,2,
28/07/2025,L,2,0,2,0,0,0,1,,1,0,1,0,0,2,0,0,0,0,,36,26,5,44,,,6,2,12,26,
29/07/2025,M,0,2,1,0,0,1,2,,1,0,2,2,0,0,0,0,0,0,,29,37,6,56,,,8,2,11,3,
30/07/2025,M,0,0,0,5,1,0,2,,1,2,2,2,7,4,0,0,0,0,,28,38,8,39,,,7,3,15,34,
31/07/2025,J,1,0,3,0,0,0,2,,1,1,1,1,0,0,0,0,0,0,,39,57,18,62,,,4,4,14,33,
01/08/2025,V,0,1,0,0,0,0,2,,0,1,2,0,14,4,0,0,0,0,,4,26,19,57,,,6,4,11,25,
02/08/2025,S,0,0,0,0,0,0,0,,0,2,2,1,0,4,0,0,0,0,,6,53,17,62,,,3,3,1,19,
03/08/2025,D,0,0,0,0,0,0,0,,1,0,1,2,0,2,0,0,0,0,,18,42,10,50,,,1,2,6,8,
04/08/2025,L,1,1,3,0,0,0,2,,0,2,1,0,0,4,0,0,0,0,,18,45,10,49,,,7,1,14,14,
05/08/2025,M,0,1,0,0,0,2,1,,1,1,2,1,0,4,0,0,0,0,,37,70,11,66,,,7,3,5,38,
06/08/2025,M,0,0,0,5,0,0,2,,1,2,2,0,8,2,0,0,0,0,,13,48,4,47,,,9,3,14,30,
07/08/2025,J,2,0,2,0,1,0,1,,1,2,1,2,0,4,0,0,0,0,,7,63,2,50,,,6,0,8,26,
08/08/2025,V,0,2,0,0,0,0,1,,1,1,2,1,16,4,0,0,0,0,,12,51,3,38,,,9,2,11,40,
09/08/2025,S,0,0,0,0,0,0,0,,0,0,2,0,0,2,0,0,0,0,,32,28,17,55,,,1,0,3,0,
10/08/2025,D,0,0,0,0,0,0,0,,1,1,2,1,18,0,0,0,0,0,,8,56,3,35,,,3,0,0,8,
11/08/2025,L,1,1,2,0,1,0,1,,1,0,2,2,0,2,0,0,0,0,,26,55,15,54,,,9,3,9,28,
12/08/2025,M,0,1,0,0,0,1,1,,1,0,2,0,4,4,0,0,0,0,,40,35,9,32,,,6,2,8,5,
13/08/2025,M,0,0,0,5,0,0,2,,1,2,2,1,0,0,0,0,0,0,,30,56,20,42,,,5,3,8,20,
14/08/2025,J,1,0,3,0,1,0,2,,1,1,0,0,15,0,0,0,0,0,,9,44,18,34,,,8,3,10,18,
15/08/2025,V,0,2,0,1,0,0,1,,1,0,0,1,12,4,0,0,0,0,,4,42,1,61,,,7,3,13,21,
16/08/2025,S,0,0,0,0,0,0,0,,0,0,0,2,0,0,0,0,0,0,,5,63,19,39,,,5,0,3,17,
17/08/2025,D,0,0,0,0,0,0,0,,0,0,2,2,0,4,0,0,0,0,,8,49,12,45,,,4,1,6,2,
18/08/2025,L,1,0,2,0,0,0,1,,1,0,2,0,0,2,0,0,0,0,,14,31,17,66,,,4,3,14,31,
19/08/2025,M,0,0,0,0,0,0,2,,1,2,2,1,0,4,0,0,0,0,,40,42,14,60,,,3,1,16,20,
20/08/2025,M,0,0,0,5,0,1,2,,1,1,2,0,0,2,0,0,0,0,,28,54,17,38,,,7,3,16,41,
21/08/2025,J,2,0,1,0,1,0,1,,1,2,2,2,0,0,0,0,0,0,,37,33,4,66,,,2,3,14,15,
22/08/2025,V,0,1,0,0,0,1,1,,1,0,1,0,0,2,0,0,0,0,,18,30,8,64,,,6,2,8,28,
23/08/2025,S,0,0,0,0,0,0,0,,1,2,1,0,0,0,0,0,0,0,,31,70,13,58,,,2,2,8,13,
24/08/2025,D,0,0,0,0,0,0,0,,0,1,0,1,23,2,0,0,0,0,,24,20,20,33,,,0,1,4,0,
25/08/2025,L,1,1,2,0,1,0,2,,1,2,2,1,29,4,0,0,0,0,,21,20,17,33,,,6,2,11,34,
26/08/2025,M,0,2,0,0,1,0,2,,1,0,2,2,0,0,0,0,0,0,,28,27,7,36,,,2,1,20,50,
27/08/2025,M,1,0,0,4,0,0,2,,0,2,2,1,0,0,0,0,0,0,,13,41,4,53,,,6,3,12,26,
28/08/2025,J,1,0,2,0,0,0,1,,0,2,2,0,12,0,0,0,0,0,,9,66,2,31,,,7,3,8,47,
29/08/2025,V,0,2,0,0,0,0,2,,1,1,1,1,0,4,0,0,0,0,,21,34,4,68,,,5,3,15,46,
30/08/2025,S,0,0,0,0,0,0,0,,1,1,1,0,0,4,0,0,0,0,,15,25,14,47,,,2,1,7,7,
31/08/2025,D,0,0,0,0,0,0,0,,1,0,1,2,0,2,0,0,0,0,,19,54,15,39,,,3,0,0,23,
01/09/2025,L,1,0,3,0,0,0,2,,1,2,2,1,0,2,0,0,0,0,,35,31,8,60,,,7,1,14,28,
02/09/2025,M,0,2,0,0,0,0,2,,1,1,0,2,6,4,0,0,0,0,,8,46,16,44,,,3,2,9,47,
03/09/2025,M,0,0,0,4,0,0,2,,1,0,1,1,0,4,0,0,0,0,,15,65,6,61,,,7,1,17,19,
04/09/2025,J,2,0,3,0,0,0,2,,1,2,2,1,0,0,0,0,0,0,,19,51,13,58,,,8,4,17,38,
05/09/2025,V,0,0,0,0,0,0,0,,0,2,2,2,0,4,0,0,0,0,,10,68,2,52,,,0,1,6,37,
06/09/2025,S,0,0,0,0,0,0,0,,1,1,1,1,11,0,0,0,0,0,,10,20,9,70,,,0,0,2,9,
07/09/2025,D,0,0,0,0,0,0,0,,1,1,2,1,22,4,0,0,0,0,,30,20,5,43,,,0,2,3,17,
08/09/2025,L,1,0,3,0,0,0,2,,1,1,0,1,0,0,0,0,0,0,,37,59,1,66,,,6,1,11,24,
09/09/2025,M,0,1,0,0,0,0,3,,1,1,2,2,0,4,0,0,0,0,,1,35,13,46,,,8,2,10,23,
10/09/2025,M,0,0,0,4,1,0,1,,0,0,0,2,0,0,0,0,0,0,,37,61,4,36,,,6,4,17,32,
11/09/2025,J,2,0,2,0,1,0,2,,1,0,1,1,3,0,0,0,0,0,,25,35,7,50,,,7,2,9,39,
12/09/2025,V,0,2,0,0,0,0,2,,1,1,0,1,0,2,0,0,0,0,,26,63,2,31,,,5,3,20,31,
13/09/2025,S,0,0,0,0,0,0,0,,1,0,0,1,0,4,0,0,0,0,,8,51,19,55,,,0,2,0,0,
14/09/2025,D,0,0,0,0,0,0,0,,1,0,2,2,11,0,0,0,0,0,,6,38,9,56,,,1,3,1,3,
15/09/2025,L,2,0,2,0,1,0,1,,1,1,2,1,0,0,0,0,0,0,,26,66,6,36,,,4,2,19,13,
16/09/2025,M,0,2,0,0,0,0,1,,0,2,0,1,0,2,0,0,0,0,,33,24,11,58,,,7,2,10,19,
17/09/2025,M,0,0,0,4,0,0,2,,1,0,0,1,0,4,0,0,0,0,,6,33,14,38,,,3,3,13,24,
18/09/2025,J,1,0,4,0,1,0,2,,1,0,2,0,0,4,0,0,0,0,,2,49,3,52,,,4,1,13,34,
19/09/2025,V,0,2,0,1,0,0,1,,1,1,1,2,0,4,0,0,0,0,,33,65,6,38,,,5,2,13,24,
20/09/2025,S,0,0,0,0,0,0,0,,1,2,0,1,0,4,0,0,0,0,,20,59,8,45,,,5,0,1,26,
21/09/2025,D,0,0,0,0,0,0,0,,1,1,0,0,0,0,0,0,0,0,,18,32,3,43,,,4,1,7,18,
22/09/2025,L,1,0,2,0,1,1,2,,1,0,2,0,0,0,0,0,0,0,,31,54,20,47,,,4,3,10,29,
23/09/2025,M,0,2,0,0,0,0,2,,1,2,1,0,0,4,0,0,0,0,,13,67,4,49,,,6,3,9,22,
24/09/2025,M,0,0,0,4,0,0,1,,1,1,2,0,0,0,0,0,0,0,,32,55,13,52,,,3,3,17,18,
25/09/2025,J,2,0,2,0,1,0,2,,0,0,0,1,0,4,0,0,0,0,,19,25,9,54,,,7,2,14,32,
26/09/2025,V,0,1,0,0,0,1,2,,1,1,1,2,0,4,0,0,0,0,,40,56,3,32,,,6,3,12,35,
27/09/2025,S,0,0,0,0,0,0,0,,1,2,2,1,0,2,0,0,0,0,,13,56,2,53,,,2,0,3,5,
28/09/2025,D,0,0,0,0,0,0,0,,1,0,2,0,0,4,0,0,0,0,,28,68,20,32,,,3,2,6,14,
29/09/2025,L,2,0,3,0,0,0,2,,1,1,2,0,0,0,0,0,0,0,,13,30,1,58,,,6,2,7,23,
30/09/2025,M,0,2,0,0,0,1,2,,1,1,2,1,28,2,0,0,0,0,,11,31,17,33,,,5,1,8,16,
01/10/2025,M,0,0,0,4,0,0,2,,1,1,1,2,0,0,0,0,0,0,,14,69,11,59,,,5,3,12,28,
02/10/2025,J,0,0,0,0,0,0,0,,1,0,2,0,0,2,0,0,0,0,,32,23,8,31,,,1,3,3,8,
03/10/2025,V,0,1,0,0,0,1,1,,1,1,2,1,3,0,0,0,0,0,,20,43,4,50,,,5,4,13,33,
04/10/2025,S,0,0,0,0,0,0,0,,1,1,1,1,0,0,0,0,0,0,,21,59,6,54,,,3,0,1,8,
05/10/2025,D,0,0,0,0,0,0,0,,1,0,0,0,0,4,0,0,0,0,,28,60,15,61,,,4,0,0,6,
06/10/2025,L,2,0,1,0,1,0,1,,1,2,2,0,0,4,0,0,0,0,,17,24,14,69,,,9,3,14,26,
07/10/2025,M,1,2,0,0,0,0,2,,1,2,2,0,0,2,0,0,0,0,,15,42,12,50,,,6,2,11,34,
08/10/2025,M,0,0,0,5,0,0,2,,1,2,1,2,8,2,0,0,0,0,,23,38,13,38,,,5,1,12,30,
09/10/2025,J,1,0,2,0,0,0,1,,0,2,0,2,0,2,0,0,0,0,,24,41,10,39,,,4,2,14,34,
10/10/2025,V,0,1,0,0,0,1,1,,1,1,0,1,0,0,0,0,0,0,,29,44,0,38,,,4,1,15,22,
11/10/2025,S,0,0,0,0,0,0,0,,1,1,0,2,12,4,0,0,0,0,,0,49,12,47,,,2,0,11,8,
12/10/2025,D,0,0,0,0,0,0,0,,1,2,2,0,0,4,0,0,0,0,,24,65,8,34,,,1,2,8,28,
13/10/2025,L,1,0,3,0,0,0,1,,1,0,1,0,9,2,0,0,0,0,,15,23,6,67,,,6,2,4,27,
14/10/2025,M,0,1,0,0,0,0,1,,1,1,2,2,0,4,0,0,0,0,,22,62,9,46,,,5,4,3,29,
15/10/2025,M,0,0,0,5,0,0,1,,0,2,2,1,0,2,0,0,0,0,,36,45,3,67,,,5,2,18,22,
16/10/2025,J,2,0,3,0,2,0,3,,1,0,1,0,0,0,0,0,0,0,,27,53,0,54,,,5,2,17,49,
17/10/2025,V,0,1,0,0,1,1,1,,1,1,0,1,22,2,0,0,0,0,,8,57,2,31,,,7,2,14,35,
18/10/2025,S,0,0,0,0,0,0,0,,1,2,1,0,0,0,0,0,0,0,,23,56,12,68,,,1,0,8,0,
19/10/2025,D,0,0,0,0,0,0,0,,0,1,2,1,0,0,0,0,0,0,,20,62,11,70,,,4,0,4,28,
20/10/2025,L,2,0,2,0,1,1,2,,1,1,2,1,0,0,0,0,0,0,,31,46,11,56,,,4,3,20,34,
21/10/2025,M,0,2,0,0,0,0,1,,1,0,1,0,0,0,0,0,0,0,,15,46,3,46,,,4,1,12,31,
22/10/2025,M,0,0,0,4,0,0,1,,1,1,2,0,23,2,0,0,0,0,,14,34,5,44,,,4,2,7,44,
23/10/2025,J,2,0,2,0,2,0,1,,0,0,1,0,0,4,0,0,0,0,,17,41,13,66,,,7,4,11,32,
24/10/2025,V,0,2,0,0,0,0,1,,0,2,1,1,8,4,0,0,0,0,,38,33,11,30,,,3,4,4,19,
25/10/2025,S,0,0,0,0,0,0,0,,1,2,0,1,0,4,0,0,0,0,,21,63,9,44,,,1,3,7,14,
26/10/2025,D,0,0,0,0,0,0,0,,1,0,1,1,0,4,0,0,0,0,,38,55,10,32,,,3,1,8,3,
27/10/2025,L,1,0,3,0,1,0,3,,1,2,2,1,6,2,0,0,0,0,,29,36,5,44,,,7,2,13,26,
28/10/2025,M,0,1,0,0,0,0,2,,1,1,1,0,5,4,0,0,0,0,,24,29,19,43,,,4,3,13,33,
29/10/2025,M,0,0,0,5,0,0,1,,1,0,2,1,0,4,0,0,0,0,,35,70,9,46,,,7,5,3,43,
30/10/2025,J,1,0,3,1,1,0,2,,1,2,2,1,0,2,0,0,0,0,,19,41,15,52,,,7,4,15,28,
31/10/2025,V,0,1,0,0,0,0,2,,1,1,2,0,0,2,0,0,0,0,,8,55,19,44,,,5,1,7,19,
01/11/2025,S,0,0,0,0,0,0,0,,1,1,0,0,0,2,0,0,0,0,,22,61,14,64,,,1,0,5,0,
02/11/2025,D,0,0,0,0,0,0,0,,1,2,2,1,0,4,0,0,0,0,,12,40,0,49,,,3,0,3,42,
03/11/2025,L,1,0,2,0,0,0,0,,1,1,0,2,0,0,0,0,0,0,,16,29,0,42,,,5,3,16,21,
04/11/2025,M,0,0,0,0,0,0,1,,1,2,2,0,0,2,0,0,0,0,,40,22,15,46,,,4,1,3,29,
05/11/2025,M,0,0,0,4,0,0,1,,1,1,1,2,0,0,0,0,0,0,,36,32,19,46,,,5,3,12,14,
06/11/2025,J,2,0,2,0,1,0,2,,1,1,2,2,0,0,0,0,0,0,,9,42,17,38,,,4,4,15,24,
07/11/2025,V,0,2,0,0,1,1,2,,1,2,1,0,0,2,0,0,0,0,,17,32,10,53,,,5,4,15,25,
08/11/2025,S,0,0,0,0,0,0,0,,1,0,1,2,0,4,0,0,0,0,,19,21,11,55,,,0,2,8,25,
09/11/2025,D,0,0,0,0,0,0,0,,1,2,1,0,0,4,0,0,0,0,,23,33,18,67,,,0,3,1,15,
10/11/2025,L,2,0,4,0,0,0,2,,1,1,1,2,0,2,0,0,0,0,,5,56,10,42,,,9,2,6,48,
11/11/2025,M,0,1,0,0,0,1,1,,1,1,0,2,0,2,0,0,0,0,,8,32,9,50,,,8,3,12,32,
12/11/2025,M,0,0,0,5,0,0,2,,0,1,1,0,0,4,0,0,0,0,,35,38,12,62,,,6,2,9,18,
13/11/2025,J,2,0,2,0,0,0,1,,1,0,2,2,7,2,0,0,0,0,,20,20,9,64,,,5,2,15,41,
14/11/2025,V,0,2,0,0,1,0,1,,1,2,2,1,0,4,0,0,0,0,,12,51,18,63,,,7,2,20,19,
15/11/2025,S,0,0,0,0,0,0,0,,0,1,2,1,0,4,0,0,0,0,,39,43,8,37,,,0,2,2,13,
16/11/2025,D,0,0,0,0,0,0,0,,1,1,1,2,0,4,0,0,0,0,,15,53,2,64,,,0,0,7,13,
17/11/2025,L,2,0,3,0,0,0,2,,0,1,2,2,0,2,0,0,0,0,,14,64,20,49,,,8,3,9,31,
18/11/2025,M,0,2,0,0,0,0,2,,0,2,1,1,0,0,0,0,0,0,,17,31,6,34,,,8,3,10,43,
19/11/2025,M,0,0,0,3,0,0,1,,1,1,0,0,0,2,0,0,0,0,,29,45,14,57,,,5,3,17,39,
20/11/2025,J,2,0,3,0,1,0,2,,1,2,2,2,0,4,0,0,0,0,,29,66,15,36,,,3,4,9,13,
21/11/2025,V,0,2,0,0,1,1,1,,1,1,2,0,0,0,0,0,0,0,,37,55,13,58,,,5,2,20,35,
22/11/2025,S,0,0,0,0,0,0,0,,1,1,2,0,0,4,0,0,0,0,,2,53,2,44,,,6,1,1,0,
23/11/2025,D,0,0,0,0,0,0,0,,1,0,2,0,0,4,0,0,0,0,,29,47,14,67,,,3,2,10,30,
24/11/2025,L,2,0,3,0,1,0,2,,1,1,0,0,0,4,0,0,0,0,,2,68,14,57,,,5,3,9,24,
25/11/2025,M,0,2,0,0,0,0,2,,1,1,2,2,0,4,0,0,0,0,,36,44,18,62,,,4,1,10,19,
26/11/2025,M,0,0,0,4,0,0,2,,1,0,2,0,0,2,0,0,0,0,,38,57,7,48,,,7,1,8,34,
27/11/2025,J,2,0,3,0,2,0,1,,1,2,0,1,0,4,0,0,0,0,,36,35,15,56,,,8,0,7,24,
28/11/2025,V,0,2,0,0,0,0,2,,1,2,1,1,8,0,0,0,0,0,,21,30,3,58,,,2,3,19,38,
29/11/2025,S,0,0,0,0,0,0,0,,1,2,2,2,0,4,0,0,0,0,,31,48,7,69,,,3,0,1,10,
30/11/2025,D,0,0,0,0,0,0,0,,1,2,2,1,0,4,0,0,0,0,,27,41,2,49,,,0,1,5,12,
01/12/2025,L,0,0,0,0,0,0,0,,0,1,2,2,7,2,0,0,0,0,,1,40,19,53,,,3,2,3,1,
02/12/2025,M,0,1,0,0,0,1,2,,0,0,0,1,0,4,0,0,0,0,,0,38,17,46,,,4,2,12,28,
03/12/2025,M,1,0,0,5,0,0,2,,0,0,2,1,0,4,0,0,0,0,,39,40,16,40,,,6,4,13,38,
04/12/2025,J,1,0,2,0,0,0,2,,0,2,1,2,0,0,0,0,0,0,,15,68,17,39,,,8,0,15,14,
05/12/2025,V,0,2,0,0,0,0,1,,1,1,2,1,0,4,0,0,0,0,,35,47,13,64,,,3,3,17,32,
06/12/2025,S,0,0,0,0,0,0,0,,1,0,2,2,0,2,0,0,0,0,,15,44,17,63,,,1,1,0,2,
07/12/2025,D,0,0,0,0,0,0,0,,1,0,2,2,1,4,0,0,0,0,,12,45,18,44,,,4,1,2,19,
08/12/2025,L,1,0,2,0,1,0,2,,1,1,1,1,0,0,0,0,0,0,,19,64,4,67,,,6,1,4,30,
09/12/2025,M,0,0,0,0,0,0,2,,1,1,1,1,0,2,0,0,0,0,,14,64,19,39,,,3,3,15,23,
10/12/2025,M,0,1,0,4,0,0,1,,1,2,2,1,0,0,0,0,0,0,,15,57,10,54,,,3,3,15,6,
11/12/2025,J,2,0,3,0,1,0,1,,0,0,2,2,23,0,0,0,0,0,,10,29,16,42,,,7,2,13,35,
12/12/2025,V,0,1,0,0,0,1,1,,1,0,1,1,5,2,0,0,0,0,,34,32,1,48,,,7,1,9,33,
13/12/2025,S,0,0,0,0,0,0,0,,0,2,2,1,0,4,0,0,0,0,,3,45,8,70,,,3,2,3,6,
14/12/2025,D,0,0,0,0,0,0,0,,1,0,1,1,0,0,0,0,0,0,,3,40,6,36,,,4,1,1,7,
15/12/2025,L,2,0,2,0,1,0,1,,1,1,2,1,0,4,0,0,0,0,,23,28,6,35,,,5,4,4,27,
16/12/2025,M,0,2,0,0,0,0,2,,1,1,2,0,0,4,0,0,0,0,,3,30,20,53,,,5,1,16,34,
17/12/2025,M,0,0,0,4,0,0,2,,1,1,0,0,0,4,0,0,0,0,,2,56,17,63,,,7,2,10,16,
